observation_id,card_id,card_name,mutation,reported_attack,reported_hp,pre_round_base_attack,pre_round_base_hp,candidate_multiplier,predicted_attack,predicted_hp,lower_exclusive,upper_inclusive,matches,interpretation,joint_lower_exclusive,joint_upper_inclusive
1,69,Black Cat,None,142,284,141.6152177092307,283.2304354184614,1.0,142,284,0.999186403049796,1.0027170970535055,true,simple_exact_candidate_consistent_with_rounded_observations,0.999186403049796,1.0010192470598176
2,69,Black Cat,Storm,156,312,141.6152177092307,283.2304354184614,1.1,156,312,1.0980458351536628,1.1015765291573723,true,simple_exact_candidate_consistent_with_rounded_observations,1.0980458351536628,1.1011211717657994
3,69,Black Cat,Snow,170,340,141.6152177092307,283.2304354184614,1.2,170,340,1.1969052672575295,1.200435961261239,true,simple_exact_candidate_consistent_with_rounded_observations,1.1969052672575295,1.200435961261239
4,69,Black Cat,Aurora,185,369,141.6152177092307,283.2304354184614,1.3,185,369,1.2992953933651057,1.3028260873688153,true,simple_exact_candidate_consistent_with_rounded_observations,1.2992953933651057,1.301325021177763
5,69,Black Cat,Meteor Shower,255,510,141.6152177092307,283.2304354184614,1.8,255,510,1.797123247888149,1.8006539418918586,true,simple_exact_candidate_consistent_with_rounded_observations,1.797123247888149,1.8006539418918586
6,69,Black Cat,Time Storm,284,567,141.6152177092307,283.2304354184614,2.0,284,567,1.998372806099592,2.0019035001033014,true,simple_exact_candidate_consistent_with_rounded_observations,1.998372806099592,2.0019035001033014
7,69,Black Cat,Blood Rain,496,992,141.6152177092307,283.2304354184614,3.5,496,992,3.4989177576761405,3.50244845167985,true,simple_exact_candidate_consistent_with_rounded_observations,3.4989177576761405,3.50244845167985
8,69,Black Cat,Manga,638,1275,141.6152177092307,283.2304354184614,4.5,638,1275,4.498104160725937,4.501634854729646,true,simple_exact_candidate_consistent_with_rounded_observations,4.498104160725937,4.501634854729646
9,67,Dancer,None,65,130,64.93381639855303,129.86763279710607,1.0,65,130,0.9933190990055114,1.0010192470598176,true,simple_exact_candidate_consistent_with_rounded_observations,0.999186403049796,1.0010192470598176
10,67,Dancer,Storm,72,143,64.93381639855303,129.86763279710607,1.1,72,143,1.0934210237114932,1.1011211717657994,true,simple_exact_candidate_consistent_with_rounded_observations,1.0980458351536628,1.1011211717657994
11,67,Dancer,Snow,78,156,64.93381639855303,129.86763279710607,1.2,78,156,1.193522948417475,1.2012230964717812,true,simple_exact_candidate_consistent_with_rounded_observations,1.1969052672575295,1.200435961261239
12,67,Dancer,Shroud,98,195,64.93381639855303,129.86763279710607,1.5,98,195,1.4938287225354203,1.5015288705897265,true,simple_exact_candidate_consistent_with_rounded_observations,1.4938287225354203,1.5015288705897265
13,67,Dancer,Aurora,85,169,64.93381639855303,129.86763279710607,1.3,85,169,1.2936248731234568,1.301325021177763,true,simple_exact_candidate_consistent_with_rounded_observations,1.2992953933651057,1.301325021177763
14,67,Dancer,Meteor Shower,117,234,64.93381639855303,129.86763279710607,1.8,117,234,1.7941344966533654,1.8018346447076719,true,simple_exact_candidate_consistent_with_rounded_observations,1.797123247888149,1.8006539418918586
15,67,Dancer,Time Storm,130,260,64.93381639855303,129.86763279710607,2.0,130,260,1.994338346065329,2.002038494119635,true,simple_exact_candidate_consistent_with_rounded_observations,1.998372806099592,2.0019035001033014
16,67,Dancer,Eclipse,163,325,64.93381639855303,129.86763279710607,2.5,163,325,2.494847969595238,2.5025481176495443,true,simple_exact_candidate_consistent_with_rounded_observations,2.494847969595238,2.5025481176495443
17,67,Dancer,Virus,195,390,64.93381639855303,129.86763279710607,3.0,195,390,2.9953575931251466,3.003057741179453,true,simple_exact_candidate_consistent_with_rounded_observations,2.9953575931251466,3.003057741179453
18,10,Arthur,None,33,65,32.46690819927652,64.93381639855303,1.0,33,65,0.9856189509512051,1.0010192470598176,true,simple_exact_candidate_consistent_with_rounded_observations,0.999186403049796,1.0010192470598176
19,10,Arthur,Storm,36,72,32.46690819927652,64.93381639855303,1.1,36,72,1.0934210237114932,1.1088213198201058,true,simple_exact_candidate_consistent_with_rounded_observations,1.0980458351536628,1.1011211717657994
20,10,Arthur,Snow,39,78,32.46690819927652,64.93381639855303,1.2,39,78,1.1858228003631686,1.2012230964717812,true,simple_exact_candidate_consistent_with_rounded_observations,1.1969052672575295,1.200435961261239
21,10,Arthur,Aurora,43,85,32.46690819927652,64.93381639855303,1.3,43,85,1.2936248731234568,1.3090251692320694,true,simple_exact_candidate_consistent_with_rounded_observations,1.2992953933651057,1.301325021177763
22,10,Arthur,Shroud,49,98,32.46690819927652,64.93381639855303,1.5,49,98,1.4938287225354203,1.5092290186440327,true,simple_exact_candidate_consistent_with_rounded_observations,1.4938287225354203,1.5015288705897265
23,10,Arthur,Meteor Shower,59,117,32.46690819927652,64.93381639855303,1.8,59,117,1.7864343485990593,1.8018346447076719,true,simple_exact_candidate_consistent_with_rounded_observations,1.797123247888149,1.8006539418918586
24,10,Arthur,Time Storm,65,130,32.46690819927652,64.93381639855303,2.0,65,130,1.9866381980110228,2.002038494119635,true,simple_exact_candidate_consistent_with_rounded_observations,1.998372806099592,2.0019035001033014
25,10,Arthur,Eclipse,82,163,32.46690819927652,64.93381639855303,2.5,82,163,2.494847969595238,2.5102482657038503,true,simple_exact_candidate_consistent_with_rounded_observations,2.494847969595238,2.5025481176495443
26,10,Arthur,Virus,98,195,32.46690819927652,64.93381639855303,3.0,98,195,2.9876574450708406,3.003057741179453,true,simple_exact_candidate_consistent_with_rounded_observations,2.9953575931251466,3.003057741179453
27,10,Arthur,Armageddon,130,260,32.46690819927652,64.93381639855303,4.0,130,260,3.988676692130658,4.00407698823927,true,simple_exact_candidate_consistent_with_rounded_observations,3.988676692130658,4.00407698823927
28,10,Arthur,Manga,147,293,32.46690819927652,64.93381639855303,4.5,147,293,4.4968864637148735,4.5122867598234855,true,simple_exact_candidate_consistent_with_rounded_observations,4.498104160725937,4.501634854729646
