card_id,name,status,training_labels_allowed,reason
1,Archer,experimental_complete_ability_subset,false,Shared event/rounding rules still require game validation
2,Shining Armor,experimental_complete_ability_subset,false,Shared event/rounding rules still require game validation
3,Good Boy,experimental_complete_ability_subset,false,Shared event/rounding rules still require game validation
4,Useless Seer,experimental_complete_ability_subset,false,Shared event/rounding rules still require game validation
5,Baby Skeleton,experimental_complete_ability_subset,false,Shared event/rounding rules still require game validation
6,Wizard,experimental_complete_ability_subset,false,Shared event/rounding rules still require game validation
7,Forest Spirit,experimental_complete_ability_subset,false,Shared event/rounding rules still require game validation
8,General Moon Zoo,experimental_complete_ability_subset,false,Shared event/rounding rules still require game validation
9,Crown Prince,experimental_complete_ability_subset,false,Shared event/rounding rules still require game validation
10,Arthur,experimental_complete_ability_subset,false,Shared event/rounding rules still require game validation
11,Beelzebub,experimental_complete_ability_subset,false,Shared event/rounding rules still require game validation
12,Michael,experimental_complete_ability_subset,false,Shared event/rounding rules still require game validation
13,Lucifer,experimental_complete_ability_subset,false,Shared event/rounding rules still require game validation
14,Knightmare,experimental_complete_ability_subset,false,Shared event/rounding rules still require game validation
15,Arcane Avian,experimental_complete_ability_subset,false,Shared event/rounding rules still require game validation
16,Tartarus,experimental_complete_ability_subset,false,Shared event/rounding rules still require game validation
17,Greedy Belly,experimental_complete_ability_subset,false,Shared event/rounding rules still require game validation
18,Arthur of Excalibur,experimental_complete_ability_subset,false,Shared event/rounding rules still require game validation
19,Wind Spirit,experimental_complete_ability_subset,false,Shared event/rounding rules still require game validation
20,Conqueror,experimental_complete_ability_subset,false,Shared event/rounding rules still require game validation
21,Ice Queen,experimental_complete_ability_subset,false,Shared event/rounding rules still require game validation
22,Three-Legged Golden Crow,experimental_complete_ability_subset,false,Shared event/rounding rules still require game validation
23,Ixion,experimental_complete_ability_subset,false,Shared event/rounding rules still require game validation
24,Leviathan,experimental_complete_ability_subset,false,Shared event/rounding rules still require game validation
25,Brunhilde,experimental_complete_ability_subset,false,Shared event/rounding rules still require game validation
26,Savior,experimental_complete_ability_subset,false,Shared event/rounding rules still require game validation
27,Frankenstein,experimental_complete_ability_subset,false,Shared event/rounding rules still require game validation
28,Titan,experimental_complete_ability_subset,false,Shared event/rounding rules still require game validation
29,Sciron,experimental_complete_ability_subset,false,Shared event/rounding rules still require game validation
30,Mist Spirit,experimental_complete_ability_subset,false,Shared event/rounding rules still require game validation
31,Phoenix,experimental_complete_ability_subset,false,Shared event/rounding rules still require game validation
32,Hoarfrost Phoenix,experimental_complete_ability_subset,false,Shared event/rounding rules still require game validation
33,Hell's Army,experimental_complete_ability_subset,false,Shared event/rounding rules still require game validation
34,Zeus,experimental_complete_ability_subset,false,Shared event/rounding rules still require game validation
35,Pegasus,experimental_complete_ability_subset,false,Shared event/rounding rules still require game validation
36,Bad Boys,experimental_complete_ability_subset,false,Shared event/rounding rules still require game validation
37,Pandora,experimental_complete_ability_subset,false,Shared event/rounding rules still require game validation
38,Heaven's Armor,experimental_complete_ability_subset,false,Shared event/rounding rules still require game validation
39,Jamiy the Bald One,experimental_complete_ability_subset,false,Shared event/rounding rules still require game validation
40,ToadBoiGaming,experimental_complete_ability_subset,false,Shared event/rounding rules still require game validation
41,Boreas,experimental_complete_ability_subset,false,Shared event/rounding rules still require game validation
42,Thor,experimental_complete_ability_subset,false,Shared event/rounding rules still require game validation
43,Loki,experimental_complete_ability_subset,false,Shared event/rounding rules still require game validation
44,Poseidon,experimental_complete_ability_subset,false,Shared event/rounding rules still require game validation
45,Limitless Rivals,experimental_complete_ability_subset,false,Shared event/rounding rules still require game validation
46,Vicious,experimental_complete_ability_subset,false,Shared event/rounding rules still require game validation
47,Typhon,experimental_complete_ability_subset,false,Shared event/rounding rules still require game validation
48,The Curse,experimental_complete_ability_subset,false,Shared event/rounding rules still require game validation
49,Hades,experimental_complete_ability_subset,false,Shared event/rounding rules still require game validation
50,Judgement Day,experimental_complete_ability_subset,false,Shared event/rounding rules still require game validation
51,Odin,experimental_complete_ability_subset,false,Shared event/rounding rules still require game validation
52,Black Plague,experimental_complete_ability_subset,false,Shared event/rounding rules still require game validation
53,Chaos,experimental_complete_ability_subset,false,Shared event/rounding rules still require game validation
54,Deus Ex,experimental_complete_ability_subset,false,Shared event/rounding rules still require game validation
55,Siegfried,experimental_complete_ability_subset,false,Shared event/rounding rules still require game validation
56,Astraeus,experimental_complete_ability_subset,false,Shared event/rounding rules still require game validation
57,Surtr,experimental_complete_ability_subset,false,Shared event/rounding rules still require game validation
58,Cronus,experimental_complete_ability_subset,false,Shared event/rounding rules still require game validation
59,Gilgamesh,experimental_complete_ability_subset,false,Shared event/rounding rules still require game validation
60,Fafnir,experimental_complete_ability_subset,false,Shared event/rounding rules still require game validation
61,Ragon,experimental_complete_ability_subset,false,Shared event/rounding rules still require game validation
62,Serpent Mist,experimental_complete_ability_subset,false,Shared event/rounding rules still require game validation
63,Yeti,experimental_complete_ability_subset,false,Shared event/rounding rules still require game validation
64,Achyls,experimental_complete_ability_subset,false,Shared event/rounding rules still require game validation
65,Parallax,experimental_complete_ability_subset,false,Shared event/rounding rules still require game validation
66,Mummy,experimental_complete_ability_subset,false,Shared event/rounding rules still require game validation
67,Dancer,experimental_complete_ability_subset,false,Shared event/rounding rules still require game validation
68,Vizier,experimental_complete_ability_subset,false,Shared event/rounding rules still require game validation
69,Black Cat,experimental_complete_ability_subset,false,Shared event/rounding rules still require game validation
70,Sekhmet,experimental_complete_ability_subset,false,Shared event/rounding rules still require game validation
71,Amenhotep,experimental_complete_ability_subset,false,Shared event/rounding rules still require game validation
72,Sphinx,experimental_complete_ability_subset,false,Shared event/rounding rules still require game validation
73,Horus,experimental_complete_ability_subset,false,Shared event/rounding rules still require game validation
74,Shu,experimental_complete_ability_subset,false,Shared event/rounding rules still require game validation
75,Set,experimental_complete_ability_subset,false,Shared event/rounding rules still require game validation
76,Anubis,experimental_complete_ability_subset,false,Shared event/rounding rules still require game validation
77,Serket,experimental_complete_ability_subset,false,Shared event/rounding rules still require game validation
78,Hathor,experimental_complete_ability_subset,false,Shared event/rounding rules still require game validation
79,Ra,experimental_complete_ability_subset,false,Shared event/rounding rules still require game validation
80,Sorceror,experimental_complete_ability_subset,false,Shared event/rounding rules still require game validation
81,Demon Hunter,experimental_complete_ability_subset,false,Shared event/rounding rules still require game validation
82,Trainee,experimental_complete_ability_subset,false,Shared event/rounding rules still require game validation
83,Gambler,experimental_complete_ability_subset,false,Shared event/rounding rules still require game validation
84,Stone Scientist,experimental_complete_ability_subset,false,Shared event/rounding rules still require game validation
85,Darling,experimental_complete_ability_subset,false,Shared event/rounding rules still require game validation
86,Gunslinger,experimental_complete_ability_subset,false,Shared event/rounding rules still require game validation
87,Artoria of Excalibur,experimental_complete_ability_subset,false,Shared event/rounding rules still require game validation
88,Academy Student,experimental_complete_ability_subset,false,Shared event/rounding rules still require game validation
89,Priest,experimental_complete_ability_subset,false,Shared event/rounding rules still require game validation
90,Control Freak,experimental_complete_ability_subset,false,Shared event/rounding rules still require game validation
91,Vampire Lord,experimental_complete_ability_subset,false,Shared event/rounding rules still require game validation
92,Admiral Ice,experimental_complete_ability_subset,false,Shared event/rounding rules still require game validation
93,Nao Presence,experimental_complete_ability_subset,false,Shared event/rounding rules still require game validation
94,Immortal Witch,experimental_complete_ability_subset,false,Shared event/rounding rules still require game validation
95,Tornado,experimental_complete_ability_subset,false,Shared event/rounding rules still require game validation
96,Failed Mage,experimental_complete_ability_subset,false,Shared event/rounding rules still require game validation
97,Joe,experimental_complete_ability_subset,false,Shared event/rounding rules still require game validation
98,Ultimate Brawler,experimental_complete_ability_subset,false,Shared event/rounding rules still require game validation
99,Cosmic Pop Star,experimental_complete_ability_subset,false,Shared event/rounding rules still require game validation
100,Mastermind,experimental_complete_ability_subset,false,Shared event/rounding rules still require game validation
101,Cat Lady,experimental_complete_ability_subset,false,Shared event/rounding rules still require game validation
102,Domain Master,experimental_complete_ability_subset,false,Shared event/rounding rules still require game validation
103,Kira,experimental_complete_ability_subset,false,Shared event/rounding rules still require game validation
104,Piccolo,experimental_complete_ability_subset,false,Shared event/rounding rules still require game validation
105,Ninja,experimental_complete_ability_subset,false,Shared event/rounding rules still require game validation
106,Samurai,experimental_complete_ability_subset,false,Shared event/rounding rules still require game validation
107,Onmyoji,experimental_complete_ability_subset,false,Shared event/rounding rules still require game validation
108,Kitsune,experimental_complete_ability_subset,false,Shared event/rounding rules still require game validation
109,A0-ON1,experimental_complete_ability_subset,false,Shared event/rounding rules still require game validation
110,AK4-ON1,experimental_complete_ability_subset,false,Shared event/rounding rules still require game validation
111,Shuten-dōji,experimental_complete_ability_subset,false,Shared event/rounding rules still require game validation
112,River Dragon,experimental_complete_ability_subset,false,Shared event/rounding rules still require game validation
113,Sasaki Kojiro,experimental_complete_ability_subset,false,Shared event/rounding rules still require game validation
114,Inari,experimental_complete_ability_subset,false,Shared event/rounding rules still require game validation
115,Yamato no Orochi,experimental_complete_ability_subset,false,Shared event/rounding rules still require game validation
116,Susanoo,experimental_complete_ability_subset,false,Shared event/rounding rules still require game validation
117,Tsukuyomi,experimental_complete_ability_subset,false,Shared event/rounding rules still require game validation
118,Amaterasu,experimental_complete_ability_subset,false,Shared event/rounding rules still require game validation
119,Kuchisake-onna,experimental_complete_ability_subset,false,Shared event/rounding rules still require game validation
120,Demon Cultivator,experimental_complete_ability_subset,false,Shared event/rounding rules still require game validation
121,Martial Artist,experimental_complete_ability_subset,false,Shared event/rounding rules still require game validation
122,Heavenly Demon,experimental_complete_ability_subset,false,Shared event/rounding rules still require game validation
123,Jiāngshī,experimental_complete_ability_subset,false,Shared event/rounding rules still require game validation
124,Buddhist Monk,experimental_complete_ability_subset,false,Shared event/rounding rules still require game validation
125,Divine Doctor,experimental_complete_ability_subset,false,Shared event/rounding rules still require game validation
126,Immortal Cultivator,experimental_complete_ability_subset,false,Shared event/rounding rules still require game validation
127,Qilin,experimental_complete_ability_subset,false,Shared event/rounding rules still require game validation
128,The Jade Emporer,experimental_complete_ability_subset,false,Shared event/rounding rules still require game validation
129,The Awakened One,experimental_complete_ability_subset,false,Shared event/rounding rules still require game validation
130,Nüwa,experimental_complete_ability_subset,false,Shared event/rounding rules still require game validation
131,Shén Lóng,experimental_complete_ability_subset,false,Shared event/rounding rules still require game validation
132,Xīfāng Báihü,experimental_complete_ability_subset,false,Shared event/rounding rules still require game validation
133,Běi Fāng Xuán Wü,experimental_complete_ability_subset,false,Shared event/rounding rules still require game validation
134,Dōng Fāng Qīng Lóng,experimental_complete_ability_subset,false,Shared event/rounding rules still require game validation
135,Nán Fāng Zhū Què,experimental_complete_ability_subset,false,Shared event/rounding rules still require game validation
136,Shennong,experimental_complete_ability_subset,false,Shared event/rounding rules still require game validation
137,Fuxi,experimental_complete_ability_subset,false,Shared event/rounding rules still require game validation
138,Sun Wukong,experimental_complete_ability_subset,false,Shared event/rounding rules still require game validation
139,Buddha,experimental_complete_ability_subset,false,Shared event/rounding rules still require game validation
140,Pangu,experimental_complete_ability_subset,false,Shared event/rounding rules still require game validation
141,Ancient Egg,experimental_complete_ability_subset,false,Shared event/rounding rules still require game validation
142,Stegosaurus,experimental_complete_ability_subset,false,Shared event/rounding rules still require game validation
143,Brachiosaurus,experimental_complete_ability_subset,false,Shared event/rounding rules still require game validation
144,Tricerotops,experimental_complete_ability_subset,false,Shared event/rounding rules still require game validation
145,Pterodactylus,experimental_complete_ability_subset,false,Shared event/rounding rules still require game validation
146,Dilophosaurus,experimental_complete_ability_subset,false,Shared event/rounding rules still require game validation
147,Mammoth,experimental_complete_ability_subset,false,Shared event/rounding rules still require game validation
148,Umbrasaur,experimental_complete_ability_subset,false,Shared event/rounding rules still require game validation
149,Sabertooth Tiger,experimental_complete_ability_subset,false,Shared event/rounding rules still require game validation
150,Unicorn,experimental_complete_ability_subset,false,Shared event/rounding rules still require game validation
151,Meteosaurus,experimental_complete_ability_subset,false,Shared event/rounding rules still require game validation
152,Marrowclaw,experimental_complete_ability_subset,false,Shared event/rounding rules still require game validation
153,Ankylosaurus,experimental_complete_ability_subset,false,Shared event/rounding rules still require game validation
154,Velociraptor,experimental_complete_ability_subset,false,Shared event/rounding rules still require game validation
155,Cyberdon,experimental_complete_ability_subset,false,Shared event/rounding rules still require game validation
156,Behemoth,experimental_complete_ability_subset,false,Shared event/rounding rules still require game validation
157,Tyrannosaurus Rex,experimental_complete_ability_subset,false,Shared event/rounding rules still require game validation
158,Megalodon,experimental_complete_ability_subset,false,Shared event/rounding rules still require game validation
159,Tyrannodon,experimental_complete_ability_subset,false,Shared event/rounding rules still require game validation
160,Hunter,experimental_complete_ability_subset,false,Shared event/rounding rules still require game validation
161,Resolute Blade,experimental_complete_ability_subset,false,Shared event/rounding rules still require game validation
162,Bacon Hair,experimental_complete_ability_subset,false,Shared event/rounding rules still require game validation
163,Soft Paw,experimental_complete_ability_subset,false,Shared event/rounding rules still require game validation
164,True Prophet,experimental_complete_ability_subset,false,Shared event/rounding rules still require game validation
165,Cherub,experimental_complete_ability_subset,false,Shared event/rounding rules still require game validation
166,Engineer,experimental_complete_ability_subset,false,Shared event/rounding rules still require game validation
167,Volcano Spirit,experimental_complete_ability_subset,false,Shared event/rounding rules still require game validation
168,Julius Leader,experimental_complete_ability_subset,false,Shared event/rounding rules still require game validation
169,Noveau Riche,experimental_complete_ability_subset,false,Shared event/rounding rules still require game validation
170,Robin Hood,experimental_complete_ability_subset,false,Shared event/rounding rules still require game validation
171,Infected Maw,experimental_complete_ability_subset,false,Shared event/rounding rules still require game validation
172,Seraphim,experimental_complete_ability_subset,false,Shared event/rounding rules still require game validation
173,Terra's Aria,experimental_complete_ability_subset,false,Shared event/rounding rules still require game validation
174,Count Muscula,experimental_complete_ability_subset,false,Shared event/rounding rules still require game validation
175,Poison Witch,experimental_complete_ability_subset,false,Shared event/rounding rules still require game validation
176,Skeleton King,experimental_complete_ability_subset,false,Shared event/rounding rules still require game validation
177,Juggernoid,experimental_complete_ability_subset,false,Shared event/rounding rules still require game validation
178,Zombie Dragon,experimental_complete_ability_subset,false,Shared event/rounding rules still require game validation
179,Assassin King,experimental_complete_ability_subset,false,Shared event/rounding rules still require game validation
180,Slum Dweller,experimental_complete_ability_subset,false,Shared event/rounding rules still require game validation
181,Malakim,experimental_complete_ability_subset,false,Shared event/rounding rules still require game validation
182,Hard Claws,experimental_complete_ability_subset,false,Shared event/rounding rules still require game validation
183,Steven,experimental_complete_ability_subset,false,Shared event/rounding rules still require game validation
184,Hollow,experimental_complete_ability_subset,false,Shared event/rounding rules still require game validation
185,Hell killer,experimental_complete_ability_subset,false,Shared event/rounding rules still require game validation
186,The Sack,experimental_complete_ability_subset,false,Shared event/rounding rules still require game validation
187,Creed,experimental_complete_ability_subset,false,Shared event/rounding rules still require game validation
188,god-Slayer,experimental_complete_ability_subset,false,Shared event/rounding rules still require game validation
189,Melanin,experimental_complete_ability_subset,false,Shared event/rounding rules still require game validation
190,Necro-orc,experimental_complete_ability_subset,false,Shared event/rounding rules still require game validation
191,NO. 2,experimental_complete_ability_subset,false,Shared event/rounding rules still require game validation
192,Ice King,experimental_complete_ability_subset,false,Shared event/rounding rules still require game validation
193,Heavenly father,experimental_complete_ability_subset,false,Shared event/rounding rules still require game validation
194,Durante,experimental_complete_ability_subset,false,Shared event/rounding rules still require game validation
195,Fresno Nightcrawler,experimental_complete_ability_subset,false,Shared event/rounding rules still require game validation
196,Loch Ness,experimental_complete_ability_subset,false,Shared event/rounding rules still require game validation
197,Loveland Frog,experimental_complete_ability_subset,false,Shared event/rounding rules still require game validation
198,Chupcabra,experimental_complete_ability_subset,false,Shared event/rounding rules still require game validation
199,Jersey Devil,experimental_complete_ability_subset,false,Shared event/rounding rules still require game validation
200,Mothman,experimental_complete_ability_subset,false,Shared event/rounding rules still require game validation
201,Bigfoot,experimental_complete_ability_subset,false,Shared event/rounding rules still require game validation
202,Wendigo,experimental_complete_ability_subset,false,Shared event/rounding rules still require game validation
203,The Rake,experimental_complete_ability_subset,false,Shared event/rounding rules still require game validation
204,Kraken,experimental_complete_ability_subset,false,Shared event/rounding rules still require game validation
205,Chronus The Hoarder,experimental_complete_ability_subset,false,Shared event/rounding rules still require game validation
206,Malik The Sovereign,experimental_complete_ability_subset,false,Shared event/rounding rules still require game validation
207,Gideon The Insatiable,experimental_complete_ability_subset,false,Shared event/rounding rules still require game validation
208,Lilith the Enchantress,experimental_complete_ability_subset,false,Shared event/rounding rules still require game validation
209,Morpheus the Slumberer,experimental_complete_ability_subset,false,Shared event/rounding rules still require game validation
210,Raze The Destroyer,experimental_complete_ability_subset,false,Shared event/rounding rules still require game validation
211,Sable The Envious,experimental_complete_ability_subset,false,Shared event/rounding rules still require game validation
212,Mother of Beasts,experimental_complete_ability_subset,false,Shared event/rounding rules still require game validation
213,100 Men,experimental_complete_ability_subset,false,Shared event/rounding rules still require game validation
214,Naga,experimental_complete_ability_subset,false,Shared event/rounding rules still require game validation
215,Uncle Sam,experimental_complete_ability_subset,false,Shared event/rounding rules still require game validation
216,"Shay, Heart of the Cards",experimental_complete_ability_subset,false,Shared event/rounding rules still require game validation
217,Gorilla,experimental_complete_ability_subset,false,Shared event/rounding rules still require game validation
218,Valentine's Specter,experimental_complete_ability_subset,false,Shared event/rounding rules still require game validation
219,Sisyphus,experimental_complete_ability_subset,false,Shared event/rounding rules still require game validation
220,George Washington,experimental_complete_ability_subset,false,Shared event/rounding rules still require game validation
221,Cave Goblin & Wind Spirit,experimental_complete_ability_subset,false,Shared event/rounding rules still require game validation
222,Hera,experimental_complete_ability_subset,false,Shared event/rounding rules still require game validation
223,Dad,experimental_complete_ability_subset,false,Shared event/rounding rules still require game validation
224,Kid Gohan,experimental_complete_ability_subset,false,Shared event/rounding rules still require game validation
225,Milk,experimental_complete_ability_subset,false,Shared event/rounding rules still require game validation
226,Aphrodite,experimental_complete_ability_subset,false,Shared event/rounding rules still require game validation
227,Frank,experimental_complete_ability_subset,false,Shared event/rounding rules still require game validation
228,Eclipseborn Luminant,experimental_complete_ability_subset,false,Shared event/rounding rules still require game validation
229,Turkey,experimental_complete_ability_subset,false,Shared event/rounding rules still require game validation
230,The Broken One,experimental_complete_ability_subset,false,Shared event/rounding rules still require game validation
231,Supreme Ozzy,experimental_complete_ability_subset,false,Shared event/rounding rules still require game validation
232,Cave Goblin God,experimental_complete_ability_subset,false,Shared event/rounding rules still require game validation
233,Anubis & Hades,experimental_complete_ability_subset,false,Shared event/rounding rules still require game validation
234,Longmu,experimental_complete_ability_subset,false,Shared event/rounding rules still require game validation
235,Star Eater,experimental_complete_ability_subset,false,Shared event/rounding rules still require game validation
236,Eonus,experimental_complete_ability_subset,false,Shared event/rounding rules still require game validation
237,Pestilence,experimental_complete_ability_subset,false,Shared event/rounding rules still require game validation
238,Ragon & Fafnir,experimental_complete_ability_subset,false,Shared event/rounding rules still require game validation
239,Cthulu,experimental_complete_ability_subset,false,Shared event/rounding rules still require game validation
240,Fate Seamstress,experimental_complete_ability_subset,false,Shared event/rounding rules still require game validation
241,Famine,experimental_complete_ability_subset,false,Shared event/rounding rules still require game validation
242,War,experimental_complete_ability_subset,false,Shared event/rounding rules still require game validation
243,Community,experimental_complete_ability_subset,false,Shared event/rounding rules still require game validation
244,Azure Witch,experimental_complete_ability_subset,false,Shared event/rounding rules still require game validation
245,Death,experimental_complete_ability_subset,false,Shared event/rounding rules still require game validation
246,Memories,experimental_complete_ability_subset,false,Shared event/rounding rules still require game validation
247,Legends,experimental_complete_ability_subset,false,Shared event/rounding rules still require game validation
248,Sarimanok,experimental_complete_ability_subset,false,Shared event/rounding rules still require game validation
249,Bakunawa,experimental_complete_ability_subset,false,Shared event/rounding rules still require game validation
250,Time Lord Stryx,experimental_complete_ability_subset,false,Shared event/rounding rules still require game validation
251,Frosty The Snowman,experimental_complete_ability_subset,false,Shared event/rounding rules still require game validation
252,Old Man Winter,experimental_complete_ability_subset,false,Shared event/rounding rules still require game validation
253,Rudolph,experimental_complete_ability_subset,false,Shared event/rounding rules still require game validation
254,Gingerbread Man,experimental_complete_ability_subset,false,Shared event/rounding rules still require game validation
255,Dionysus,experimental_complete_ability_subset,false,Shared event/rounding rules still require game validation
256,The Grinch,experimental_complete_ability_subset,false,Shared event/rounding rules still require game validation
257,Krampus,experimental_complete_ability_subset,false,Shared event/rounding rules still require game validation
258,Wandering Snowman,experimental_complete_ability_subset,false,Shared event/rounding rules still require game validation
259,Mrs. Claus,experimental_complete_ability_subset,false,Shared event/rounding rules still require game validation
260,Santa Claus,experimental_complete_ability_subset,false,Shared event/rounding rules still require game validation
261,Toy Bear,experimental_complete_ability_subset,false,Shared event/rounding rules still require game validation
262,Toy Car,experimental_complete_ability_subset,false,Shared event/rounding rules still require game validation
263,The Jack-in-the-Box,experimental_complete_ability_subset,false,Shared event/rounding rules still require game validation
264,Toy Nutcracker,experimental_complete_ability_subset,false,Shared event/rounding rules still require game validation
265,Santa Claws,experimental_complete_ability_subset,false,Shared event/rounding rules still require game validation
266,Zombie,experimental_complete_ability_subset,false,Shared event/rounding rules still require game validation
267,Banshee,experimental_complete_ability_subset,false,Shared event/rounding rules still require game validation
268,Witch,experimental_complete_ability_subset,false,Shared event/rounding rules still require game validation
269,Scarecrow,experimental_complete_ability_subset,false,Shared event/rounding rules still require game validation
270,Bloody Mary,experimental_complete_ability_subset,false,Shared event/rounding rules still require game validation
271,Revenant,experimental_complete_ability_subset,false,Shared event/rounding rules still require game validation
272,Dr. Frankenstein,experimental_complete_ability_subset,false,Shared event/rounding rules still require game validation
273,Marionette,experimental_complete_ability_subset,false,Shared event/rounding rules still require game validation
274,Ghoul,experimental_complete_ability_subset,false,Shared event/rounding rules still require game validation
275,Zombie Nurse,experimental_complete_ability_subset,false,Shared event/rounding rules still require game validation
276,Night Witch,experimental_complete_ability_subset,false,Shared event/rounding rules still require game validation
277,The Hanged Man,experimental_complete_ability_subset,false,Shared event/rounding rules still require game validation
278,Walking Dead,experimental_complete_ability_subset,false,Shared event/rounding rules still require game validation
279,Headless Horseman,experimental_complete_ability_subset,false,Shared event/rounding rules still require game validation
280,The Blood Countess,experimental_complete_ability_subset,false,Shared event/rounding rules still require game validation
281,The Composer,experimental_complete_ability_subset,false,Shared event/rounding rules still require game validation
282,Dracula,experimental_complete_ability_subset,false,Shared event/rounding rules still require game validation
283,Flying Dutchman,experimental_complete_ability_subset,false,Shared event/rounding rules still require game validation
284,Hecate,experimental_complete_ability_subset,false,Shared event/rounding rules still require game validation
285,Abomination,experimental_complete_ability_subset,false,Shared event/rounding rules still require game validation
286,Sleep Paralysis,experimental_complete_ability_subset,false,Shared event/rounding rules still require game validation
287,Michael M.,experimental_complete_ability_subset,false,Shared event/rounding rules still require game validation
288,Jason,experimental_complete_ability_subset,false,Shared event/rounding rules still require game validation
289,Glamour,experimental_complete_ability_subset,false,Shared event/rounding rules still require game validation
