color,support_id,name,status,reason,training_labels_allowed
red,1,Adventurer,experimental_complete_passive_subset,Passive composition and shared battle rules remain provisional,false
red,2,General Sun Tzu,experimental_complete_passive_subset,Passive composition and shared battle rules remain provisional,false
red,3,Neko,experimental_complete_passive_subset,Passive composition and shared battle rules remain provisional,false
red,4,Stormcaller,experimental_complete_passive_subset,Passive composition and shared battle rules remain provisional,false
red,5,Khione,experimental_complete_passive_subset,Passive composition and shared battle rules remain provisional,false
red,6,Shrinemaiden,experimental_complete_passive_subset,Passive composition and shared battle rules remain provisional,false
red,7,Imp,experimental_complete_passive_subset,Passive composition and shared battle rules remain provisional,false
red,8,Iris,experimental_complete_passive_subset,Passive composition and shared battle rules remain provisional,false
red,9,Shatbi,experimental_complete_passive_subset,Passive composition and shared battle rules remain provisional,false
red,10,Astrologist,experimental_complete_passive_subset,Passive composition and shared battle rules remain provisional,false
red,11,Kala,experimental_complete_passive_subset,Passive composition and shared battle rules remain provisional,false
red,12,Satan,experimental_complete_passive_subset,Passive composition and shared battle rules remain provisional,false
red,13,Dragon King,experimental_complete_passive_subset,Passive composition and shared battle rules remain provisional,false
red,14,Army's Reinforcements,experimental_complete_passive_subset,Passive composition and shared battle rules remain provisional,false
red,15,Avian King,experimental_complete_passive_subset,Passive composition and shared battle rules remain provisional,false
red,16,Taoist,experimental_complete_passive_subset,Passive composition and shared battle rules remain provisional,false
red,17,Niflheim,experimental_complete_passive_subset,Passive composition and shared battle rules remain provisional,false
red,18,Eclipse Chaser,experimental_complete_passive_subset,Passive composition and shared battle rules remain provisional,false
red,19,The Sequel,experimental_complete_passive_subset,Passive composition and shared battle rules remain provisional,false
red,20,Myths,experimental_complete_passive_subset,Passive composition and shared battle rules remain provisional,false
red,21,Gamer,experimental_complete_passive_subset,Passive composition and shared battle rules remain provisional,false
red,22,Elohim,experimental_complete_passive_subset,Passive composition and shared battle rules remain provisional,false
red,23,Mangeka,experimental_complete_passive_subset,Passive composition and shared battle rules remain provisional,false
red,24,Disease,experimental_complete_passive_subset,Passive composition and shared battle rules remain provisional,false
red,25,Yggdrasil,experimental_complete_passive_subset,Passive composition and shared battle rules remain provisional,false
red,26,Dinosaur King,experimental_complete_passive_subset,Passive composition and shared battle rules remain provisional,false
red,27,Desmond Of Despair,experimental_complete_passive_subset,Passive composition and shared battle rules remain provisional,false
red,28,The One Ring,experimental_complete_passive_subset,Passive composition and shared battle rules remain provisional,false
blue,1,Shielder,experimental_complete_passive_subset,Passive composition and shared battle rules remain provisional,false
blue,2,Flame Wizard,experimental_complete_passive_subset,Passive composition and shared battle rules remain provisional,false
blue,3,Berserker,experimental_complete_passive_subset,Passive composition and shared battle rules remain provisional,false
blue,4,Phantom,experimental_complete_passive_subset,Passive composition and shared battle rules remain provisional,false
blue,5,Vampire Matron,experimental_complete_passive_subset,Passive composition and shared battle rules remain provisional,false
blue,6,Synth Human,experimental_complete_passive_subset,Passive composition and shared battle rules remain provisional,false
blue,7,Executioner,experimental_complete_passive_subset,Passive composition and shared battle rules remain provisional,false
blue,8,Fate,experimental_complete_passive_subset,Passive composition and shared battle rules remain provisional,false
blue,9,Mirror Knight,experimental_complete_passive_subset,Passive composition and shared battle rules remain provisional,false
blue,10,Final Testament,experimental_complete_passive_subset,Passive composition and shared battle rules remain provisional,false
blue,11,Storm Spirit,experimental_complete_passive_subset,Passive composition and shared battle rules remain provisional,false
blue,12,Magical Elf,experimental_complete_passive_subset,Passive composition and shared battle rules remain provisional,false
blue,13,Jurassic World,experimental_complete_passive_subset,Passive composition and shared battle rules remain provisional,false
blue,14,End Times,experimental_complete_passive_subset,Passive composition and shared battle rules remain provisional,false
blue,15,Guardian Angel,experimental_complete_passive_subset,Passive composition and shared battle rules remain provisional,false
