border_id,name,rarity,rarity_lexical,source
1,,1,1,"{""name"":{""file"":""Cards-2.xml"",""xml_path"":""/project[1]/scenes[1]/scene[1]/variables[1]/variable[16]"",""snap_value_id"":""34140"",""variable"":""Borders"",""item_1"":1},""rarity"":{""file"":""Cards-2.xml"",""xml_path"":""/project[1]/scenes[1]/scene[1]/variables[1]/variable[28]"",""snap_value_id"":""34817"",""variable"":""Border Rarities"",""item_1"":1}}"
2,Pl,100,100,"{""name"":{""file"":""Cards-2.xml"",""xml_path"":""/project[1]/scenes[1]/scene[1]/variables[1]/variable[16]"",""snap_value_id"":""34140"",""variable"":""Borders"",""item_1"":2},""rarity"":{""file"":""Cards-2.xml"",""xml_path"":""/project[1]/scenes[1]/scene[1]/variables[1]/variable[28]"",""snap_value_id"":""34817"",""variable"":""Border Rarities"",""item_1"":2}}"
3,Cr,10000,10000,"{""name"":{""file"":""Cards-2.xml"",""xml_path"":""/project[1]/scenes[1]/scene[1]/variables[1]/variable[16]"",""snap_value_id"":""34140"",""variable"":""Borders"",""item_1"":3},""rarity"":{""file"":""Cards-2.xml"",""xml_path"":""/project[1]/scenes[1]/scene[1]/variables[1]/variable[28]"",""snap_value_id"":""34817"",""variable"":""Border Rarities"",""item_1"":3}}"
4,CrPl,1000000,1000000,"{""name"":{""file"":""Cards-2.xml"",""xml_path"":""/project[1]/scenes[1]/scene[1]/variables[1]/variable[16]"",""snap_value_id"":""34140"",""variable"":""Borders"",""item_1"":4},""rarity"":{""file"":""Cards-2.xml"",""xml_path"":""/project[1]/scenes[1]/scene[1]/variables[1]/variable[28]"",""snap_value_id"":""34817"",""variable"":""Border Rarities"",""item_1"":4}}"
5,Ru,100000,100000,"{""name"":{""file"":""Cards-2.xml"",""xml_path"":""/project[1]/scenes[1]/scene[1]/variables[1]/variable[16]"",""snap_value_id"":""34140"",""variable"":""Borders"",""item_1"":5},""rarity"":{""file"":""Cards-2.xml"",""xml_path"":""/project[1]/scenes[1]/scene[1]/variables[1]/variable[28]"",""snap_value_id"":""34817"",""variable"":""Border Rarities"",""item_1"":5}}"
6,RuPl,10000000,10000000,"{""name"":{""file"":""Cards-2.xml"",""xml_path"":""/project[1]/scenes[1]/scene[1]/variables[1]/variable[16]"",""snap_value_id"":""34140"",""variable"":""Borders"",""item_1"":6},""rarity"":{""file"":""Cards-2.xml"",""xml_path"":""/project[1]/scenes[1]/scene[1]/variables[1]/variable[28]"",""snap_value_id"":""34817"",""variable"":""Border Rarities"",""item_1"":6}}"
7,RuCr,1000000000,1000000000,"{""name"":{""file"":""Cards-2.xml"",""xml_path"":""/project[1]/scenes[1]/scene[1]/variables[1]/variable[16]"",""snap_value_id"":""34140"",""variable"":""Borders"",""item_1"":7},""rarity"":{""file"":""Cards-2.xml"",""xml_path"":""/project[1]/scenes[1]/scene[1]/variables[1]/variable[28]"",""snap_value_id"":""34817"",""variable"":""Border Rarities"",""item_1"":7}}"
8,RuCrPl,100000000000,100000000000,"{""name"":{""file"":""Cards-2.xml"",""xml_path"":""/project[1]/scenes[1]/scene[1]/variables[1]/variable[16]"",""snap_value_id"":""34140"",""variable"":""Borders"",""item_1"":8},""rarity"":{""file"":""Cards-2.xml"",""xml_path"":""/project[1]/scenes[1]/scene[1]/variables[1]/variable[28]"",""snap_value_id"":""34817"",""variable"":""Border Rarities"",""item_1"":8}}"
9,Ga,1000000,1000000,"{""name"":{""file"":""Cards-2.xml"",""xml_path"":""/project[1]/scenes[1]/scene[1]/variables[1]/variable[16]"",""snap_value_id"":""34140"",""variable"":""Borders"",""item_1"":9},""rarity"":{""file"":""Cards-2.xml"",""xml_path"":""/project[1]/scenes[1]/scene[1]/variables[1]/variable[28]"",""snap_value_id"":""34817"",""variable"":""Border Rarities"",""item_1"":9}}"
10,GaPl,100000000,100000000,"{""name"":{""file"":""Cards-2.xml"",""xml_path"":""/project[1]/scenes[1]/scene[1]/variables[1]/variable[16]"",""snap_value_id"":""34140"",""variable"":""Borders"",""item_1"":10},""rarity"":{""file"":""Cards-2.xml"",""xml_path"":""/project[1]/scenes[1]/scene[1]/variables[1]/variable[28]"",""snap_value_id"":""34817"",""variable"":""Border Rarities"",""item_1"":10}}"
11,GaCr,10000000000,10000000000,"{""name"":{""file"":""Cards-2.xml"",""xml_path"":""/project[1]/scenes[1]/scene[1]/variables[1]/variable[16]"",""snap_value_id"":""34140"",""variable"":""Borders"",""item_1"":11},""rarity"":{""file"":""Cards-2.xml"",""xml_path"":""/project[1]/scenes[1]/scene[1]/variables[1]/variable[28]"",""snap_value_id"":""34817"",""variable"":""Border Rarities"",""item_1"":11}}"
12,GaCrPl,1000000000000,1000000000000,"{""name"":{""file"":""Cards-2.xml"",""xml_path"":""/project[1]/scenes[1]/scene[1]/variables[1]/variable[16]"",""snap_value_id"":""34140"",""variable"":""Borders"",""item_1"":12},""rarity"":{""file"":""Cards-2.xml"",""xml_path"":""/project[1]/scenes[1]/scene[1]/variables[1]/variable[28]"",""snap_value_id"":""34817"",""variable"":""Border Rarities"",""item_1"":12}}"
13,GaRu,100000000000,100000000000,"{""name"":{""file"":""Cards-2.xml"",""xml_path"":""/project[1]/scenes[1]/scene[1]/variables[1]/variable[16]"",""snap_value_id"":""34140"",""variable"":""Borders"",""item_1"":13},""rarity"":{""file"":""Cards-2.xml"",""xml_path"":""/project[1]/scenes[1]/scene[1]/variables[1]/variable[28]"",""snap_value_id"":""34817"",""variable"":""Border Rarities"",""item_1"":13}}"
14,GaRuPl,10000000000000,10000000000000,"{""name"":{""file"":""Cards-2.xml"",""xml_path"":""/project[1]/scenes[1]/scene[1]/variables[1]/variable[16]"",""snap_value_id"":""34140"",""variable"":""Borders"",""item_1"":14},""rarity"":{""file"":""Cards-2.xml"",""xml_path"":""/project[1]/scenes[1]/scene[1]/variables[1]/variable[28]"",""snap_value_id"":""34817"",""variable"":""Border Rarities"",""item_1"":14}}"
15,GaRuCr,1000000000000000,1000000000000000,"{""name"":{""file"":""Cards-2.xml"",""xml_path"":""/project[1]/scenes[1]/scene[1]/variables[1]/variable[16]"",""snap_value_id"":""34140"",""variable"":""Borders"",""item_1"":15},""rarity"":{""file"":""Cards-2.xml"",""xml_path"":""/project[1]/scenes[1]/scene[1]/variables[1]/variable[28]"",""snap_value_id"":""34817"",""variable"":""Border Rarities"",""item_1"":15}}"
16,GaRuCrPl,100000000000000000,100000000000000000,"{""name"":{""file"":""Cards-2.xml"",""xml_path"":""/project[1]/scenes[1]/scene[1]/variables[1]/variable[16]"",""snap_value_id"":""34140"",""variable"":""Borders"",""item_1"":16},""rarity"":{""file"":""Cards-2.xml"",""xml_path"":""/project[1]/scenes[1]/scene[1]/variables[1]/variable[28]"",""snap_value_id"":""34817"",""variable"":""Border Rarities"",""item_1"":16}}"
