card_id,name,annotation,verification_status,source
3,Good Boy,user_supplied_entry_attack_list,unverified,"{""file"":""data-8.csv"",""record_1"":1,""column_1"":1}"
4,Useless Seer,user_supplied_entry_attack_list,unverified,"{""file"":""data-8.csv"",""record_1"":1,""column_1"":2}"
14,Knightmare,user_supplied_entry_attack_list,unverified,"{""file"":""data-8.csv"",""record_1"":1,""column_1"":3}"
33,Hell's Army,user_supplied_entry_attack_list,unverified,"{""file"":""data-8.csv"",""record_1"":1,""column_1"":4}"
35,Pegasus,user_supplied_entry_attack_list,unverified,"{""file"":""data-8.csv"",""record_1"":1,""column_1"":5}"
36,Bad Boys,user_supplied_entry_attack_list,unverified,"{""file"":""data-8.csv"",""record_1"":1,""column_1"":6}"
37,Pandora,user_supplied_entry_attack_list,unverified,"{""file"":""data-8.csv"",""record_1"":1,""column_1"":7}"
41,Boreas,user_supplied_entry_attack_list,unverified,"{""file"":""data-8.csv"",""record_1"":1,""column_1"":8}"
43,Loki,user_supplied_entry_attack_list,unverified,"{""file"":""data-8.csv"",""record_1"":1,""column_1"":9}"
44,Poseidon,user_supplied_entry_attack_list,unverified,"{""file"":""data-8.csv"",""record_1"":1,""column_1"":10}"
45,Limitless Rivals,user_supplied_entry_attack_list,unverified,"{""file"":""data-8.csv"",""record_1"":1,""column_1"":11}"
46,Vicious,user_supplied_entry_attack_list,unverified,"{""file"":""data-8.csv"",""record_1"":1,""column_1"":12}"
47,Typhon,user_supplied_entry_attack_list,unverified,"{""file"":""data-8.csv"",""record_1"":1,""column_1"":13}"
48,The Curse,user_supplied_entry_attack_list,unverified,"{""file"":""data-8.csv"",""record_1"":1,""column_1"":14}"
52,Black Plague,user_supplied_entry_attack_list,unverified,"{""file"":""data-8.csv"",""record_1"":1,""column_1"":15}"
55,Siegfried,user_supplied_entry_attack_list,unverified,"{""file"":""data-8.csv"",""record_1"":1,""column_1"":16}"
57,Surtr,user_supplied_entry_attack_list,unverified,"{""file"":""data-8.csv"",""record_1"":1,""column_1"":17}"
62,Serpent Mist,user_supplied_entry_attack_list,unverified,"{""file"":""data-8.csv"",""record_1"":1,""column_1"":18}"
64,Achyls,user_supplied_entry_attack_list,unverified,"{""file"":""data-8.csv"",""record_1"":1,""column_1"":19}"
72,Sphinx,user_supplied_entry_attack_list,unverified,"{""file"":""data-8.csv"",""record_1"":1,""column_1"":20}"
84,Stone Scientist,user_supplied_entry_attack_list,unverified,"{""file"":""data-8.csv"",""record_1"":1,""column_1"":21}"
85,Darling,user_supplied_entry_attack_list,unverified,"{""file"":""data-8.csv"",""record_1"":1,""column_1"":22}"
92,Admiral Ice,user_supplied_entry_attack_list,unverified,"{""file"":""data-8.csv"",""record_1"":1,""column_1"":23}"
100,Mastermind,user_supplied_entry_attack_list,unverified,"{""file"":""data-8.csv"",""record_1"":1,""column_1"":24}"
105,Ninja,user_supplied_entry_attack_list,unverified,"{""file"":""data-8.csv"",""record_1"":1,""column_1"":25}"
119,Kuchisake-onna,user_supplied_entry_attack_list,unverified,"{""file"":""data-8.csv"",""record_1"":1,""column_1"":26}"
129,The Awakened One,user_supplied_entry_attack_list,unverified,"{""file"":""data-8.csv"",""record_1"":1,""column_1"":27}"
131,Shén Lóng,user_supplied_entry_attack_list,unverified,"{""file"":""data-8.csv"",""record_1"":1,""column_1"":28}"
132,Xīfāng Báihü,user_supplied_entry_attack_list,unverified,"{""file"":""data-8.csv"",""record_1"":1,""column_1"":29}"
134,Dōng Fāng Qīng Lóng,user_supplied_entry_attack_list,unverified,"{""file"":""data-8.csv"",""record_1"":1,""column_1"":30}"
144,Tricerotops,user_supplied_entry_attack_list,unverified,"{""file"":""data-8.csv"",""record_1"":1,""column_1"":31}"
146,Dilophosaurus,user_supplied_entry_attack_list,unverified,"{""file"":""data-8.csv"",""record_1"":1,""column_1"":32}"
147,Mammoth,user_supplied_entry_attack_list,unverified,"{""file"":""data-8.csv"",""record_1"":1,""column_1"":33}"
152,Marrowclaw,user_supplied_entry_attack_list,unverified,"{""file"":""data-8.csv"",""record_1"":1,""column_1"":34}"
159,Tyrannodon,user_supplied_entry_attack_list,unverified,"{""file"":""data-8.csv"",""record_1"":1,""column_1"":35}"
163,Soft Paw,user_supplied_entry_attack_list,unverified,"{""file"":""data-8.csv"",""record_1"":1,""column_1"":36}"
172,Seraphim,user_supplied_entry_attack_list,unverified,"{""file"":""data-8.csv"",""record_1"":1,""column_1"":37}"
175,Poison Witch,user_supplied_entry_attack_list,unverified,"{""file"":""data-8.csv"",""record_1"":1,""column_1"":38}"
180,Slum Dweller,user_supplied_entry_attack_list,unverified,"{""file"":""data-8.csv"",""record_1"":1,""column_1"":39}"
182,Hard Claws,user_supplied_entry_attack_list,unverified,"{""file"":""data-8.csv"",""record_1"":1,""column_1"":40}"
186,The Sack,user_supplied_entry_attack_list,unverified,"{""file"":""data-8.csv"",""record_1"":1,""column_1"":41}"
195,Fresno Nightcrawler,user_supplied_entry_attack_list,unverified,"{""file"":""data-8.csv"",""record_1"":1,""column_1"":42}"
199,Jersey Devil,user_supplied_entry_attack_list,unverified,"{""file"":""data-8.csv"",""record_1"":1,""column_1"":43}"
204,Kraken,user_supplied_entry_attack_list,unverified,"{""file"":""data-8.csv"",""record_1"":1,""column_1"":44}"
205,Chronus The Hoarder,user_supplied_entry_attack_list,unverified,"{""file"":""data-8.csv"",""record_1"":1,""column_1"":45}"
219,Sisyphus,user_supplied_entry_attack_list,unverified,"{""file"":""data-8.csv"",""record_1"":1,""column_1"":46}"
236,Eonus,user_supplied_entry_attack_list,unverified,"{""file"":""data-8.csv"",""record_1"":1,""column_1"":47}"
240,Fate Seamstress,user_supplied_entry_attack_list,unverified,"{""file"":""data-8.csv"",""record_1"":1,""column_1"":48}"
252,Old Man Winter,user_supplied_entry_attack_list,unverified,"{""file"":""data-8.csv"",""record_1"":1,""column_1"":49}"
253,Rudolph,user_supplied_entry_attack_list,unverified,"{""file"":""data-8.csv"",""record_1"":1,""column_1"":50}"
257,Krampus,user_supplied_entry_attack_list,unverified,"{""file"":""data-8.csv"",""record_1"":1,""column_1"":51}"
261,Toy Bear,user_supplied_entry_attack_list,unverified,"{""file"":""data-8.csv"",""record_1"":1,""column_1"":52}"
262,Toy Car,user_supplied_entry_attack_list,unverified,"{""file"":""data-8.csv"",""record_1"":1,""column_1"":53}"
263,The Jack-in-the-Box,user_supplied_entry_attack_list,unverified,"{""file"":""data-8.csv"",""record_1"":1,""column_1"":54}"
265,Santa Claws,user_supplied_entry_attack_list,unverified,"{""file"":""data-8.csv"",""record_1"":1,""column_1"":55}"
268,Witch,user_supplied_entry_attack_list,unverified,"{""file"":""data-8.csv"",""record_1"":1,""column_1"":56}"
279,Headless Horseman,user_supplied_entry_attack_list,unverified,"{""file"":""data-8.csv"",""record_1"":1,""column_1"":57}"
285,Abomination,user_supplied_entry_attack_list,unverified,"{""file"":""data-8.csv"",""record_1"":1,""column_1"":58}"
286,Sleep Paralysis,user_supplied_entry_attack_list,unverified,"{""file"":""data-8.csv"",""record_1"":1,""column_1"":59}"
