variable_id,scope,name,type,dimensions,leaf_element_count,dtype,storage_dtype,populated,source,runtime_role
sprite:Cards:Evaluator:d,"{""kind"":""sprite"",""scene"":""Cards"",""sprite"":""Evaluator""}",d,scalar,[],1,integer,lexical_string,True,"{""file"":""Cards-2.xml"",""xml_path"":""/project[1]/scenes[1]/scene[1]/stage[1]/sprites[1]/sprite[1]/variables[1]/variable[1]"",""snap_value_id"":null}",preserved_source
sprite:Cards:Evaluator:Card Tokens,"{""kind"":""sprite"",""scene"":""Cards"",""sprite"":""Evaluator""}",Card Tokens,list,"[289,2]",578,decimal,lexical_string,True,"{""file"":""Cards-2.xml"",""xml_path"":""/project[1]/scenes[1]/scene[1]/stage[1]/sprites[1]/sprite[1]/variables[1]/variable[2]"",""snap_value_id"":""906""}",preserved_source
sprite:Cards:Evaluator:Support Tokens (Red),"{""kind"":""sprite"",""scene"":""Cards"",""sprite"":""Evaluator""}",Support Tokens (Red),list,"[28,2]",56,decimal,lexical_string,True,"{""file"":""Cards-2.xml"",""xml_path"":""/project[1]/scenes[1]/scene[1]/stage[1]/sprites[1]/sprite[1]/variables[1]/variable[3]"",""snap_value_id"":""1196""}",preserved_source
sprite:Cards:Evaluator:Support Tokens (Blue),"{""kind"":""sprite"",""scene"":""Cards"",""sprite"":""Evaluator""}",Support Tokens (Blue),list,"[15,2]",30,decimal,lexical_string,True,"{""file"":""Cards-2.xml"",""xml_path"":""/project[1]/scenes[1]/scene[1]/stage[1]/sprites[1]/sprite[1]/variables[1]/variable[4]"",""snap_value_id"":""1225""}",preserved_source
sprite:Cards:Evaluator:Tokens,"{""kind"":""sprite"",""scene"":""Cards"",""sprite"":""Evaluator""}",Tokens,list,"[2,2]",4,decimal,lexical_string,True,"{""file"":""Cards-2.xml"",""xml_path"":""/project[1]/scenes[1]/scene[1]/stage[1]/sprites[1]/sprite[1]/variables[1]/variable[5]"",""snap_value_id"":""1241""}",preserved_source
sprite:Cards:Evaluator:Q,"{""kind"":""sprite"",""scene"":""Cards"",""sprite"":""Evaluator""}",Q,list,[0],0,empty,lexical_string,False,"{""file"":""Cards-2.xml"",""xml_path"":""/project[1]/scenes[1]/scene[1]/stage[1]/sprites[1]/sprite[1]/variables[1]/variable[6]"",""snap_value_id"":""1244""}",preserved_source
sprite:Cards:Evaluator:K,"{""kind"":""sprite"",""scene"":""Cards"",""sprite"":""Evaluator""}",K,list,[0],0,empty,lexical_string,False,"{""file"":""Cards-2.xml"",""xml_path"":""/project[1]/scenes[1]/scene[1]/stage[1]/sprites[1]/sprite[1]/variables[1]/variable[7]"",""snap_value_id"":""1245""}",preserved_source
sprite:Cards:Evaluator:V,"{""kind"":""sprite"",""scene"":""Cards"",""sprite"":""Evaluator""}",V,list,[0],0,empty,lexical_string,False,"{""file"":""Cards-2.xml"",""xml_path"":""/project[1]/scenes[1]/scene[1]/stage[1]/sprites[1]/sprite[1]/variables[1]/variable[8]"",""snap_value_id"":""1246""}",preserved_source
sprite:Cards:Evaluator:MLPs,"{""kind"":""sprite"",""scene"":""Cards"",""sprite"":""Evaluator""}",MLPs,list,[0],0,empty,lexical_string,False,"{""file"":""Cards-2.xml"",""xml_path"":""/project[1]/scenes[1]/scene[1]/stage[1]/sprites[1]/sprite[1]/variables[1]/variable[9]"",""snap_value_id"":""1247""}",preserved_source
sprite:Cards:Evaluator:L,"{""kind"":""sprite"",""scene"":""Cards"",""sprite"":""Evaluator""}",L,scalar,[],1,integer,lexical_string,True,"{""file"":""Cards-2.xml"",""xml_path"":""/project[1]/scenes[1]/scene[1]/stage[1]/sprites[1]/sprite[1]/variables[1]/variable[10]"",""snap_value_id"":null}",preserved_source
sprite:Cards:Evaluator:v,"{""kind"":""sprite"",""scene"":""Cards"",""sprite"":""Evaluator""}",v,list,[0],0,empty,lexical_string,False,"{""file"":""Cards-2.xml"",""xml_path"":""/project[1]/scenes[1]/scene[1]/stage[1]/sprites[1]/sprite[1]/variables[1]/variable[11]"",""snap_value_id"":""1248""}",preserved_source
sprite:Cards:Evaluator:Rarity Tokens,"{""kind"":""sprite"",""scene"":""Cards"",""sprite"":""Evaluator""}",Rarity Tokens,list,"[32768,2]",65536,decimal,lexical_string,True,"{""file"":""Cards-2.xml"",""xml_path"":""/project[1]/scenes[1]/scene[1]/stage[1]/sprites[1]/sprite[1]/variables[1]/variable[12]"",""snap_value_id"":""1249""}",archive_only_learned_table
sprite:Cards:Evaluator:Classifier,"{""kind"":""sprite"",""scene"":""Cards"",""sprite"":""Evaluator""}",Classifier,list,[2],2,decimal,lexical_string,True,"{""file"":""Cards-2.xml"",""xml_path"":""/project[1]/scenes[1]/scene[1]/stage[1]/sprites[1]/sprite[1]/variables[1]/variable[13]"",""snap_value_id"":""34018""}",preserved_source
scene:Cards::Cards,"{""kind"":""scene"",""scene"":""Cards"",""sprite"":null}",Cards,list,[289],289,string,lexical_string,True,"{""file"":""Cards-2.xml"",""xml_path"":""/project[1]/scenes[1]/scene[1]/variables[1]/variable[1]"",""snap_value_id"":""34123""}",preserved_source
scene:Cards::Card Weather,"{""kind"":""scene"",""scene"":""Cards"",""sprite"":null}",Card Weather,list,[290],290,integer,lexical_string,True,"{""file"":""Cards-2.xml"",""xml_path"":""/project[1]/scenes[1]/scene[1]/variables[1]/variable[2]"",""snap_value_id"":""34124""}",preserved_source
scene:Cards::Weathers,"{""kind"":""scene"",""scene"":""Cards"",""sprite"":null}",Weathers,list,[13],13,string,lexical_string,True,"{""file"":""Cards-2.xml"",""xml_path"":""/project[1]/scenes[1]/scene[1]/variables[1]/variable[3]"",""snap_value_id"":""34125""}",preserved_source
scene:Cards::Card Descriptions,"{""kind"":""scene"",""scene"":""Cards"",""sprite"":null}",Card Descriptions,list,[290],290,string,lexical_string,True,"{""file"":""Cards-2.xml"",""xml_path"":""/project[1]/scenes[1]/scene[1]/variables[1]/variable[4]"",""snap_value_id"":""34126""}",preserved_source
scene:Cards::Weather Multiplers,"{""kind"":""scene"",""scene"":""Cards"",""sprite"":null}",Weather Multiplers,list,[13],13,decimal,lexical_string,True,"{""file"":""Cards-2.xml"",""xml_path"":""/project[1]/scenes[1]/scene[1]/variables[1]/variable[5]"",""snap_value_id"":""34127""}",preserved_source
scene:Cards::Support Cards (Red),"{""kind"":""scene"",""scene"":""Cards"",""sprite"":null}",Support Cards (Red),list,[28],28,string,lexical_string,True,"{""file"":""Cards-2.xml"",""xml_path"":""/project[1]/scenes[1]/scene[1]/variables[1]/variable[6]"",""snap_value_id"":""34128""}",preserved_source
scene:Cards::Support Cards (Blue),"{""kind"":""scene"",""scene"":""Cards"",""sprite"":null}",Support Cards (Blue),list,[15],15,string,lexical_string,True,"{""file"":""Cards-2.xml"",""xml_path"":""/project[1]/scenes[1]/scene[1]/variables[1]/variable[7]"",""snap_value_id"":""34129""}",preserved_source
scene:Cards::Setup ID,"{""kind"":""scene"",""scene"":""Cards"",""sprite"":null}",Setup ID,list,"[2,4]",8,integer,lexical_string,True,"{""file"":""Cards-2.xml"",""xml_path"":""/project[1]/scenes[1]/scene[1]/variables[1]/variable[8]"",""snap_value_id"":""34130""}",preserved_source
scene:Cards::Setup,"{""kind"":""scene"",""scene"":""Cards"",""sprite"":null}",Setup,list,"[2,4]",8,string,lexical_string,True,"{""file"":""Cards-2.xml"",""xml_path"":""/project[1]/scenes[1]/scene[1]/variables[1]/variable[9]"",""snap_value_id"":""34133""}",preserved_source
scene:Cards::Data,"{""kind"":""scene"",""scene"":""Cards"",""sprite"":null}",Data,scalar,[],1,integer,lexical_string,True,"{""file"":""Cards-2.xml"",""xml_path"":""/project[1]/scenes[1]/scene[1]/variables[1]/variable[10]"",""snap_value_id"":null}",preserved_source
scene:Cards::Your Cards,"{""kind"":""scene"",""scene"":""Cards"",""sprite"":null}",Your Cards,list,[4],4,string,lexical_string,False,"{""file"":""Cards-2.xml"",""xml_path"":""/project[1]/scenes[1]/scene[1]/variables[1]/variable[11]"",""snap_value_id"":""34136""}",preserved_source
scene:Cards::Custom,"{""kind"":""scene"",""scene"":""Cards"",""sprite"":null}",Custom,scalar,[],1,integer,lexical_string,True,"{""file"":""Cards-2.xml"",""xml_path"":""/project[1]/scenes[1]/scene[1]/variables[1]/variable[12]"",""snap_value_id"":null}",preserved_source
scene:Cards::Their Cards,"{""kind"":""scene"",""scene"":""Cards"",""sprite"":null}",Their Cards,list,[4],4,string,lexical_string,False,"{""file"":""Cards-2.xml"",""xml_path"":""/project[1]/scenes[1]/scene[1]/variables[1]/variable[13]"",""snap_value_id"":""34137""}",preserved_source
scene:Cards::Their Card's Borders,"{""kind"":""scene"",""scene"":""Cards"",""sprite"":null}",Their Card's Borders,list,[4],4,string,lexical_string,False,"{""file"":""Cards-2.xml"",""xml_path"":""/project[1]/scenes[1]/scene[1]/variables[1]/variable[14]"",""snap_value_id"":""34138""}",preserved_source
scene:Cards::Your Card's Borders,"{""kind"":""scene"",""scene"":""Cards"",""sprite"":null}",Your Card's Borders,list,[4],4,string,lexical_string,False,"{""file"":""Cards-2.xml"",""xml_path"":""/project[1]/scenes[1]/scene[1]/variables[1]/variable[15]"",""snap_value_id"":""34139""}",preserved_source
scene:Cards::Borders,"{""kind"":""scene"",""scene"":""Cards"",""sprite"":null}",Borders,list,[16],16,string,lexical_string,True,"{""file"":""Cards-2.xml"",""xml_path"":""/project[1]/scenes[1]/scene[1]/variables[1]/variable[16]"",""snap_value_id"":""34140""}",preserved_source
scene:Cards::Border ID,"{""kind"":""scene"",""scene"":""Cards"",""sprite"":null}",Border ID,list,"[2,4]",8,integer,lexical_string,True,"{""file"":""Cards-2.xml"",""xml_path"":""/project[1]/scenes[1]/scene[1]/variables[1]/variable[17]"",""snap_value_id"":""34141""}",preserved_source
scene:Cards::Border,"{""kind"":""scene"",""scene"":""Cards"",""sprite"":null}",Border,list,"[2,4]",8,string,lexical_string,True,"{""file"":""Cards-2.xml"",""xml_path"":""/project[1]/scenes[1]/scene[1]/variables[1]/variable[18]"",""snap_value_id"":""34144""}",preserved_source
scene:Cards::Card Rarities,"{""kind"":""scene"",""scene"":""Cards"",""sprite"":null}",Card Rarities,list,[289],289,integer,lexical_string,True,"{""file"":""Cards-2.xml"",""xml_path"":""/project[1]/scenes[1]/scene[1]/variables[1]/variable[19]"",""snap_value_id"":""34147""}",preserved_source
scene:Cards::Card Damage Modifiers,"{""kind"":""scene"",""scene"":""Cards"",""sprite"":null}",Card Damage Modifiers,scalar,[],1,integer,lexical_string,True,"{""file"":""Cards-2.xml"",""xml_path"":""/project[1]/scenes[1]/scene[1]/variables[1]/variable[20]"",""snap_value_id"":null}",preserved_source
scene:Cards::Exclusion characters,"{""kind"":""scene"",""scene"":""Cards"",""sprite"":null}",Exclusion characters,list,[6],6,string,lexical_string,True,"{""file"":""Cards-2.xml"",""xml_path"":""/project[1]/scenes[1]/scene[1]/variables[1]/variable[21]"",""snap_value_id"":""34148""}",preserved_source
scene:Cards::data-5_refined,"{""kind"":""scene"",""scene"":""Cards"",""sprite"":null}",data-5_refined,list,[289],289,string,lexical_string,True,"{""file"":""Cards-2.xml"",""xml_path"":""/project[1]/scenes[1]/scene[1]/variables[1]/variable[22]"",""snap_value_id"":""34149""}",preserved_source
scene:Cards::data-5_refined_vocab_ordered,"{""kind"":""scene"",""scene"":""Cards"",""sprite"":null}",data-5_refined_vocab_ordered,list,[440],440,mixed,lexical_string,True,"{""file"":""Cards-2.xml"",""xml_path"":""/project[1]/scenes[1]/scene[1]/variables[1]/variable[23]"",""snap_value_id"":""34150""}",preserved_source
scene:Cards::data-5_refined_tokenized_2d,"{""kind"":""scene"",""scene"":""Cards"",""sprite"":null}",data-5_refined_tokenized_2d,list,"[289,null]",3941,integer,lexical_string,True,"{""file"":""Cards-2.xml"",""xml_path"":""/project[1]/scenes[1]/scene[1]/variables[1]/variable[24]"",""snap_value_id"":""34151""}",preserved_source
scene:Cards::card_simulator_phase_registry,"{""kind"":""scene"",""scene"":""Cards"",""sprite"":null}",card_simulator_phase_registry,list,"[373,17]",6341,mixed,lexical_string,True,"{""file"":""Cards-2.xml"",""xml_path"":""/project[1]/scenes[1]/scene[1]/variables[1]/variable[25]"",""snap_value_id"":""34441""}",preserved_source
scene:Cards::Support Card Descriptions (Red),"{""kind"":""scene"",""scene"":""Cards"",""sprite"":null}",Support Card Descriptions (Red),list,[28],28,string,lexical_string,True,"{""file"":""Cards-2.xml"",""xml_path"":""/project[1]/scenes[1]/scene[1]/variables[1]/variable[26]"",""snap_value_id"":""34815""}",preserved_source
scene:Cards::Support Card Descriptions (Blue),"{""kind"":""scene"",""scene"":""Cards"",""sprite"":null}",Support Card Descriptions (Blue),list,[16],16,string,lexical_string,True,"{""file"":""Cards-2.xml"",""xml_path"":""/project[1]/scenes[1]/scene[1]/variables[1]/variable[27]"",""snap_value_id"":""34816""}",preserved_source
scene:Cards::Border Rarities,"{""kind"":""scene"",""scene"":""Cards"",""sprite"":null}",Border Rarities,list,[16],16,integer,lexical_string,True,"{""file"":""Cards-2.xml"",""xml_path"":""/project[1]/scenes[1]/scene[1]/variables[1]/variable[28]"",""snap_value_id"":""34817""}",preserved_source
