support_id,color,name,description,source
1,red,Adventurer,+0% Stats.,"{""name"":{""file"":""Cards-2.xml"",""xml_path"":""/project[1]/scenes[1]/scene[1]/variables[1]/variable[6]"",""snap_value_id"":""34128"",""variable"":""Support Cards (Red)"",""item_1"":1},""description"":{""file"":""Cards-2.xml"",""xml_path"":""/project[1]/scenes[1]/scene[1]/variables[1]/variable[26]"",""snap_value_id"":""34815"",""variable"":""Support Card Descriptions (Red)"",""item_1"":1}}"
2,red,General Sun Tzu,+4% HP.,"{""name"":{""file"":""Cards-2.xml"",""xml_path"":""/project[1]/scenes[1]/scene[1]/variables[1]/variable[6]"",""snap_value_id"":""34128"",""variable"":""Support Cards (Red)"",""item_1"":2},""description"":{""file"":""Cards-2.xml"",""xml_path"":""/project[1]/scenes[1]/scene[1]/variables[1]/variable[26]"",""snap_value_id"":""34815"",""variable"":""Support Card Descriptions (Red)"",""item_1"":2}}"
3,red,Neko,+6% Stats. +12% for Anime Pack cards.,"{""name"":{""file"":""Cards-2.xml"",""xml_path"":""/project[1]/scenes[1]/scene[1]/variables[1]/variable[6]"",""snap_value_id"":""34128"",""variable"":""Support Cards (Red)"",""item_1"":3},""description"":{""file"":""Cards-2.xml"",""xml_path"":""/project[1]/scenes[1]/scene[1]/variables[1]/variable[26]"",""snap_value_id"":""34815"",""variable"":""Support Card Descriptions (Red)"",""item_1"":3}}"
4,red,Stormcaller,+8% Stats. +16% for Storm cards.,"{""name"":{""file"":""Cards-2.xml"",""xml_path"":""/project[1]/scenes[1]/scene[1]/variables[1]/variable[6]"",""snap_value_id"":""34128"",""variable"":""Support Cards (Red)"",""item_1"":4},""description"":{""file"":""Cards-2.xml"",""xml_path"":""/project[1]/scenes[1]/scene[1]/variables[1]/variable[26]"",""snap_value_id"":""34815"",""variable"":""Support Card Descriptions (Red)"",""item_1"":4}}"
5,red,Khione,+8% Stats. +16% for Snow cards.,"{""name"":{""file"":""Cards-2.xml"",""xml_path"":""/project[1]/scenes[1]/scene[1]/variables[1]/variable[6]"",""snap_value_id"":""34128"",""variable"":""Support Cards (Red)"",""item_1"":5},""description"":{""file"":""Cards-2.xml"",""xml_path"":""/project[1]/scenes[1]/scene[1]/variables[1]/variable[26]"",""snap_value_id"":""34815"",""variable"":""Support Card Descriptions (Red)"",""item_1"":5}}"
6,red,Shrinemaiden,+8% Stats. +16% for Rising Sun cards.,"{""name"":{""file"":""Cards-2.xml"",""xml_path"":""/project[1]/scenes[1]/scene[1]/variables[1]/variable[6]"",""snap_value_id"":""34128"",""variable"":""Support Cards (Red)"",""item_1"":6},""description"":{""file"":""Cards-2.xml"",""xml_path"":""/project[1]/scenes[1]/scene[1]/variables[1]/variable[26]"",""snap_value_id"":""34815"",""variable"":""Support Card Descriptions (Red)"",""item_1"":6}}"
7,red,Imp,+9% Stats. +16% for demons.,"{""name"":{""file"":""Cards-2.xml"",""xml_path"":""/project[1]/scenes[1]/scene[1]/variables[1]/variable[6]"",""snap_value_id"":""34128"",""variable"":""Support Cards (Red)"",""item_1"":7},""description"":{""file"":""Cards-2.xml"",""xml_path"":""/project[1]/scenes[1]/scene[1]/variables[1]/variable[26]"",""snap_value_id"":""34815"",""variable"":""Support Card Descriptions (Red)"",""item_1"":7}}"
8,red,Iris,+10% Stats. +20% for Aurora cards.,"{""name"":{""file"":""Cards-2.xml"",""xml_path"":""/project[1]/scenes[1]/scene[1]/variables[1]/variable[6]"",""snap_value_id"":""34128"",""variable"":""Support Cards (Red)"",""item_1"":8},""description"":{""file"":""Cards-2.xml"",""xml_path"":""/project[1]/scenes[1]/scene[1]/variables[1]/variable[26]"",""snap_value_id"":""34815"",""variable"":""Support Card Descriptions (Red)"",""item_1"":8}}"
9,red,Shatbi,+11% Stats. +22% for Egypt cards.,"{""name"":{""file"":""Cards-2.xml"",""xml_path"":""/project[1]/scenes[1]/scene[1]/variables[1]/variable[6]"",""snap_value_id"":""34128"",""variable"":""Support Cards (Red)"",""item_1"":9},""description"":{""file"":""Cards-2.xml"",""xml_path"":""/project[1]/scenes[1]/scene[1]/variables[1]/variable[26]"",""snap_value_id"":""34815"",""variable"":""Support Card Descriptions (Red)"",""item_1"":9}}"
10,red,Astrologist,+12% Stats. +24% for Meteor Shower cards.,"{""name"":{""file"":""Cards-2.xml"",""xml_path"":""/project[1]/scenes[1]/scene[1]/variables[1]/variable[6]"",""snap_value_id"":""34128"",""variable"":""Support Cards (Red)"",""item_1"":10},""description"":{""file"":""Cards-2.xml"",""xml_path"":""/project[1]/scenes[1]/scene[1]/variables[1]/variable[26]"",""snap_value_id"":""34815"",""variable"":""Support Card Descriptions (Red)"",""item_1"":10}}"
11,red,Kala,+12% Stats. +24% for Time Storm cards.,"{""name"":{""file"":""Cards-2.xml"",""xml_path"":""/project[1]/scenes[1]/scene[1]/variables[1]/variable[6]"",""snap_value_id"":""34128"",""variable"":""Support Cards (Red)"",""item_1"":11},""description"":{""file"":""Cards-2.xml"",""xml_path"":""/project[1]/scenes[1]/scene[1]/variables[1]/variable[26]"",""snap_value_id"":""34815"",""variable"":""Support Card Descriptions (Red)"",""item_1"":11}}"
12,red,Satan,+14% Stats. +28% for Blood Rain cards.,"{""name"":{""file"":""Cards-2.xml"",""xml_path"":""/project[1]/scenes[1]/scene[1]/variables[1]/variable[6]"",""snap_value_id"":""34128"",""variable"":""Support Cards (Red)"",""item_1"":12},""description"":{""file"":""Cards-2.xml"",""xml_path"":""/project[1]/scenes[1]/scene[1]/variables[1]/variable[26]"",""snap_value_id"":""34815"",""variable"":""Support Card Descriptions (Red)"",""item_1"":12}}"
13,red,Dragon King,+14% Stats. +28% for Dragons.,"{""name"":{""file"":""Cards-2.xml"",""xml_path"":""/project[1]/scenes[1]/scene[1]/variables[1]/variable[6]"",""snap_value_id"":""34128"",""variable"":""Support Cards (Red)"",""item_1"":13},""description"":{""file"":""Cards-2.xml"",""xml_path"":""/project[1]/scenes[1]/scene[1]/variables[1]/variable[26]"",""snap_value_id"":""34815"",""variable"":""Support Card Descriptions (Red)"",""item_1"":13}}"
14,red,Army's Reinforcements,+14% Stats. +28% for Swordsmen.,"{""name"":{""file"":""Cards-2.xml"",""xml_path"":""/project[1]/scenes[1]/scene[1]/variables[1]/variable[6]"",""snap_value_id"":""34128"",""variable"":""Support Cards (Red)"",""item_1"":14},""description"":{""file"":""Cards-2.xml"",""xml_path"":""/project[1]/scenes[1]/scene[1]/variables[1]/variable[26]"",""snap_value_id"":""34815"",""variable"":""Support Card Descriptions (Red)"",""item_1"":14}}"
15,red,Avian King,+14% Stats. +28% for birds.,"{""name"":{""file"":""Cards-2.xml"",""xml_path"":""/project[1]/scenes[1]/scene[1]/variables[1]/variable[6]"",""snap_value_id"":""34128"",""variable"":""Support Cards (Red)"",""item_1"":15},""description"":{""file"":""Cards-2.xml"",""xml_path"":""/project[1]/scenes[1]/scene[1]/variables[1]/variable[26]"",""snap_value_id"":""34815"",""variable"":""Support Card Descriptions (Red)"",""item_1"":15}}"
16,red,Taoist,+15% Stats. +30% for Immortal Pack cards.,"{""name"":{""file"":""Cards-2.xml"",""xml_path"":""/project[1]/scenes[1]/scene[1]/variables[1]/variable[6]"",""snap_value_id"":""34128"",""variable"":""Support Cards (Red)"",""item_1"":16},""description"":{""file"":""Cards-2.xml"",""xml_path"":""/project[1]/scenes[1]/scene[1]/variables[1]/variable[26]"",""snap_value_id"":""34815"",""variable"":""Support Card Descriptions (Red)"",""item_1"":16}}"
17,red,Niflheim,+16% Stats. +32% for Shroud cards.,"{""name"":{""file"":""Cards-2.xml"",""xml_path"":""/project[1]/scenes[1]/scene[1]/variables[1]/variable[6]"",""snap_value_id"":""34128"",""variable"":""Support Cards (Red)"",""item_1"":17},""description"":{""file"":""Cards-2.xml"",""xml_path"":""/project[1]/scenes[1]/scene[1]/variables[1]/variable[26]"",""snap_value_id"":""34815"",""variable"":""Support Card Descriptions (Red)"",""item_1"":17}}"
18,red,Eclipse Chaser,+18% Stats. +36% for Eclipse cards.,"{""name"":{""file"":""Cards-2.xml"",""xml_path"":""/project[1]/scenes[1]/scene[1]/variables[1]/variable[6]"",""snap_value_id"":""34128"",""variable"":""Support Cards (Red)"",""item_1"":18},""description"":{""file"":""Cards-2.xml"",""xml_path"":""/project[1]/scenes[1]/scene[1]/variables[1]/variable[26]"",""snap_value_id"":""34815"",""variable"":""Support Card Descriptions (Red)"",""item_1"":18}}"
19,red,The Sequel,+22% Stats. +36% for Era 2 cards.,"{""name"":{""file"":""Cards-2.xml"",""xml_path"":""/project[1]/scenes[1]/scene[1]/variables[1]/variable[6]"",""snap_value_id"":""34128"",""variable"":""Support Cards (Red)"",""item_1"":19},""description"":{""file"":""Cards-2.xml"",""xml_path"":""/project[1]/scenes[1]/scene[1]/variables[1]/variable[26]"",""snap_value_id"":""34815"",""variable"":""Support Card Descriptions (Red)"",""item_1"":19}}"
20,red,Myths,+24% Stats. +37% for Cryptid Pack cards.,"{""name"":{""file"":""Cards-2.xml"",""xml_path"":""/project[1]/scenes[1]/scene[1]/variables[1]/variable[6]"",""snap_value_id"":""34128"",""variable"":""Support Cards (Red)"",""item_1"":20},""description"":{""file"":""Cards-2.xml"",""xml_path"":""/project[1]/scenes[1]/scene[1]/variables[1]/variable[26]"",""snap_value_id"":""34815"",""variable"":""Support Card Descriptions (Red)"",""item_1"":20}}"
21,red,Gamer,+24% Stats. +37% for Video Game Pack cards.,"{""name"":{""file"":""Cards-2.xml"",""xml_path"":""/project[1]/scenes[1]/scene[1]/variables[1]/variable[6]"",""snap_value_id"":""34128"",""variable"":""Support Cards (Red)"",""item_1"":21},""description"":{""file"":""Cards-2.xml"",""xml_path"":""/project[1]/scenes[1]/scene[1]/variables[1]/variable[26]"",""snap_value_id"":""34815"",""variable"":""Support Card Descriptions (Red)"",""item_1"":21}}"
22,red,Elohim,+25% Stats. +36% for Rapture cards.,"{""name"":{""file"":""Cards-2.xml"",""xml_path"":""/project[1]/scenes[1]/scene[1]/variables[1]/variable[6]"",""snap_value_id"":""34128"",""variable"":""Support Cards (Red)"",""item_1"":22},""description"":{""file"":""Cards-2.xml"",""xml_path"":""/project[1]/scenes[1]/scene[1]/variables[1]/variable[26]"",""snap_value_id"":""34815"",""variable"":""Support Card Descriptions (Red)"",""item_1"":22}}"
23,red,Mangeka,+25% Stats. +36% for Manga cards.,"{""name"":{""file"":""Cards-2.xml"",""xml_path"":""/project[1]/scenes[1]/scene[1]/variables[1]/variable[6]"",""snap_value_id"":""34128"",""variable"":""Support Cards (Red)"",""item_1"":23},""description"":{""file"":""Cards-2.xml"",""xml_path"":""/project[1]/scenes[1]/scene[1]/variables[1]/variable[26]"",""snap_value_id"":""34815"",""variable"":""Support Card Descriptions (Red)"",""item_1"":23}}"
24,red,Disease,+26% Stats. +36% for Virus cards.,"{""name"":{""file"":""Cards-2.xml"",""xml_path"":""/project[1]/scenes[1]/scene[1]/variables[1]/variable[6]"",""snap_value_id"":""34128"",""variable"":""Support Cards (Red)"",""item_1"":24},""description"":{""file"":""Cards-2.xml"",""xml_path"":""/project[1]/scenes[1]/scene[1]/variables[1]/variable[26]"",""snap_value_id"":""34815"",""variable"":""Support Card Descriptions (Red)"",""item_1"":24}}"
25,red,Yggdrasil,+28% Stats. +36% for Armageddon cards.,"{""name"":{""file"":""Cards-2.xml"",""xml_path"":""/project[1]/scenes[1]/scene[1]/variables[1]/variable[6]"",""snap_value_id"":""34128"",""variable"":""Support Cards (Red)"",""item_1"":25},""description"":{""file"":""Cards-2.xml"",""xml_path"":""/project[1]/scenes[1]/scene[1]/variables[1]/variable[26]"",""snap_value_id"":""34815"",""variable"":""Support Card Descriptions (Red)"",""item_1"":25}}"
26,red,Dinosaur King,+32% Stats. +51% for Prehistoric cards.,"{""name"":{""file"":""Cards-2.xml"",""xml_path"":""/project[1]/scenes[1]/scene[1]/variables[1]/variable[6]"",""snap_value_id"":""34128"",""variable"":""Support Cards (Red)"",""item_1"":26},""description"":{""file"":""Cards-2.xml"",""xml_path"":""/project[1]/scenes[1]/scene[1]/variables[1]/variable[26]"",""snap_value_id"":""34815"",""variable"":""Support Card Descriptions (Red)"",""item_1"":26}}"
27,red,Desmond Of Despair,+32% Stats. +51% for Seven Sins cards.,"{""name"":{""file"":""Cards-2.xml"",""xml_path"":""/project[1]/scenes[1]/scene[1]/variables[1]/variable[6]"",""snap_value_id"":""34128"",""variable"":""Support Cards (Red)"",""item_1"":27},""description"":{""file"":""Cards-2.xml"",""xml_path"":""/project[1]/scenes[1]/scene[1]/variables[1]/variable[26]"",""snap_value_id"":""34815"",""variable"":""Support Card Descriptions (Red)"",""item_1"":27}}"
28,red,The One Ring,+39% Stats to all non-Weather cards / Boss cards.,"{""name"":{""file"":""Cards-2.xml"",""xml_path"":""/project[1]/scenes[1]/scene[1]/variables[1]/variable[6]"",""snap_value_id"":""34128"",""variable"":""Support Cards (Red)"",""item_1"":28},""description"":{""file"":""Cards-2.xml"",""xml_path"":""/project[1]/scenes[1]/scene[1]/variables[1]/variable[26]"",""snap_value_id"":""34815"",""variable"":""Support Card Descriptions (Red)"",""item_1"":28}}"
1,blue,Shielder,Reduce damage taken by 2%.,"{""name"":{""file"":""Cards-2.xml"",""xml_path"":""/project[1]/scenes[1]/scene[1]/variables[1]/variable[7]"",""snap_value_id"":""34129"",""variable"":""Support Cards (Blue)"",""item_1"":1},""description"":{""file"":""Cards-2.xml"",""xml_path"":""/project[1]/scenes[1]/scene[1]/variables[1]/variable[27]"",""snap_value_id"":""34816"",""variable"":""Support Card Descriptions (Blue)"",""item_1"":1}}"
2,blue,Flame Wizard,15% chance to inflict burn for 2 turns after attacking.,"{""name"":{""file"":""Cards-2.xml"",""xml_path"":""/project[1]/scenes[1]/scene[1]/variables[1]/variable[7]"",""snap_value_id"":""34129"",""variable"":""Support Cards (Blue)"",""item_1"":2},""description"":{""file"":""Cards-2.xml"",""xml_path"":""/project[1]/scenes[1]/scene[1]/variables[1]/variable[27]"",""snap_value_id"":""34816"",""variable"":""Support Card Descriptions (Blue)"",""item_1"":2}}"
3,blue,Berserker,Cards have a 5% chance to counterattack.,"{""name"":{""file"":""Cards-2.xml"",""xml_path"":""/project[1]/scenes[1]/scene[1]/variables[1]/variable[7]"",""snap_value_id"":""34129"",""variable"":""Support Cards (Blue)"",""item_1"":3},""description"":{""file"":""Cards-2.xml"",""xml_path"":""/project[1]/scenes[1]/scene[1]/variables[1]/variable[27]"",""snap_value_id"":""34816"",""variable"":""Support Card Descriptions (Blue)"",""item_1"":3}}"
4,blue,Phantom,Cards have a 5% chance to stun the target.,"{""name"":{""file"":""Cards-2.xml"",""xml_path"":""/project[1]/scenes[1]/scene[1]/variables[1]/variable[7]"",""snap_value_id"":""34129"",""variable"":""Support Cards (Blue)"",""item_1"":4},""description"":{""file"":""Cards-2.xml"",""xml_path"":""/project[1]/scenes[1]/scene[1]/variables[1]/variable[27]"",""snap_value_id"":""34816"",""variable"":""Support Card Descriptions (Blue)"",""item_1"":4}}"
5,blue,Vampire Matron,Enhnace existing life drain abilities by 25% and grant 5% life drain to other allies.,"{""name"":{""file"":""Cards-2.xml"",""xml_path"":""/project[1]/scenes[1]/scene[1]/variables[1]/variable[7]"",""snap_value_id"":""34129"",""variable"":""Support Cards (Blue)"",""item_1"":5},""description"":{""file"":""Cards-2.xml"",""xml_path"":""/project[1]/scenes[1]/scene[1]/variables[1]/variable[27]"",""snap_value_id"":""34816"",""variable"":""Support Card Descriptions (Blue)"",""item_1"":5}}"
6,blue,Synth Human,Avoid damage below 8% of your HP. The threshold is 12% for Time Storm cards.,"{""name"":{""file"":""Cards-2.xml"",""xml_path"":""/project[1]/scenes[1]/scene[1]/variables[1]/variable[7]"",""snap_value_id"":""34129"",""variable"":""Support Cards (Blue)"",""item_1"":6},""description"":{""file"":""Cards-2.xml"",""xml_path"":""/project[1]/scenes[1]/scene[1]/variables[1]/variable[27]"",""snap_value_id"":""34816"",""variable"":""Support Card Descriptions (Blue)"",""item_1"":6}}"
7,blue,Executioner,Deal 15% increased damage to enemies below 30% HP.,"{""name"":{""file"":""Cards-2.xml"",""xml_path"":""/project[1]/scenes[1]/scene[1]/variables[1]/variable[7]"",""snap_value_id"":""34129"",""variable"":""Support Cards (Blue)"",""item_1"":7},""description"":{""file"":""Cards-2.xml"",""xml_path"":""/project[1]/scenes[1]/scene[1]/variables[1]/variable[27]"",""snap_value_id"":""34816"",""variable"":""Support Card Descriptions (Blue)"",""item_1"":7}}"
8,blue,Fate,25% chance to retry a failed ability.,"{""name"":{""file"":""Cards-2.xml"",""xml_path"":""/project[1]/scenes[1]/scene[1]/variables[1]/variable[7]"",""snap_value_id"":""34129"",""variable"":""Support Cards (Blue)"",""item_1"":8},""description"":{""file"":""Cards-2.xml"",""xml_path"":""/project[1]/scenes[1]/scene[1]/variables[1]/variable[27]"",""snap_value_id"":""34816"",""variable"":""Support Card Descriptions (Blue)"",""item_1"":8}}"
9,blue,Mirror Knight,Reflect 10% of damage taken back to the attacker.,"{""name"":{""file"":""Cards-2.xml"",""xml_path"":""/project[1]/scenes[1]/scene[1]/variables[1]/variable[7]"",""snap_value_id"":""34129"",""variable"":""Support Cards (Blue)"",""item_1"":9},""description"":{""file"":""Cards-2.xml"",""xml_path"":""/project[1]/scenes[1]/scene[1]/variables[1]/variable[27]"",""snap_value_id"":""34816"",""variable"":""Support Card Descriptions (Blue)"",""item_1"":9}}"
10,blue,Final Testament,"When ally dies, the next ally inherits 5% of its Stats.","{""name"":{""file"":""Cards-2.xml"",""xml_path"":""/project[1]/scenes[1]/scene[1]/variables[1]/variable[7]"",""snap_value_id"":""34129"",""variable"":""Support Cards (Blue)"",""item_1"":10},""description"":{""file"":""Cards-2.xml"",""xml_path"":""/project[1]/scenes[1]/scene[1]/variables[1]/variable[27]"",""snap_value_id"":""34816"",""variable"":""Support Card Descriptions (Blue)"",""item_1"":10}}"
11,blue,Storm Spirit,10% chance after attacking to immediately attack again at 50% damage.,"{""name"":{""file"":""Cards-2.xml"",""xml_path"":""/project[1]/scenes[1]/scene[1]/variables[1]/variable[7]"",""snap_value_id"":""34129"",""variable"":""Support Cards (Blue)"",""item_1"":11},""description"":{""file"":""Cards-2.xml"",""xml_path"":""/project[1]/scenes[1]/scene[1]/variables[1]/variable[27]"",""snap_value_id"":""34816"",""variable"":""Support Card Descriptions (Blue)"",""item_1"":11}}"
12,blue,Magical Elf,"If you have 4 or more unique 'Toys' in your deck, awaken them.","{""name"":{""file"":""Cards-2.xml"",""xml_path"":""/project[1]/scenes[1]/scene[1]/variables[1]/variable[7]"",""snap_value_id"":""34129"",""variable"":""Support Cards (Blue)"",""item_1"":12},""description"":{""file"":""Cards-2.xml"",""xml_path"":""/project[1]/scenes[1]/scene[1]/variables[1]/variable[27]"",""snap_value_id"":""34816"",""variable"":""Support Card Descriptions (Blue)"",""item_1"":12}}"
13,blue,Jurassic World,Prehistoric cards gain 10% stats for every prehistoric card in your deck.,"{""name"":{""file"":""Cards-2.xml"",""xml_path"":""/project[1]/scenes[1]/scene[1]/variables[1]/variable[7]"",""snap_value_id"":""34129"",""variable"":""Support Cards (Blue)"",""item_1"":13},""description"":{""file"":""Cards-2.xml"",""xml_path"":""/project[1]/scenes[1]/scene[1]/variables[1]/variable[27]"",""snap_value_id"":""34816"",""variable"":""Support Card Descriptions (Blue)"",""item_1"":13}}"
14,blue,End Times,10% chance for an opponent's ability to fail.,"{""name"":{""file"":""Cards-2.xml"",""xml_path"":""/project[1]/scenes[1]/scene[1]/variables[1]/variable[7]"",""snap_value_id"":""34129"",""variable"":""Support Cards (Blue)"",""item_1"":14},""description"":{""file"":""Cards-2.xml"",""xml_path"":""/project[1]/scenes[1]/scene[1]/variables[1]/variable[27]"",""snap_value_id"":""34816"",""variable"":""Support Card Descriptions (Blue)"",""item_1"":14}}"
15,blue,Guardian Angel,"10% chance to prevent an ally from taking lethal damage, leaving them at 1HP. Can activate once per ally.","{""name"":{""file"":""Cards-2.xml"",""xml_path"":""/project[1]/scenes[1]/scene[1]/variables[1]/variable[7]"",""snap_value_id"":""34129"",""variable"":""Support Cards (Blue)"",""item_1"":15},""description"":{""file"":""Cards-2.xml"",""xml_path"":""/project[1]/scenes[1]/scene[1]/variables[1]/variable[27]"",""snap_value_id"":""34816"",""variable"":""Support Card Descriptions (Blue)"",""item_1"":15}}"
