card_id,token_ids,separators,lexical_text
1,"[439,34,1,29,7,44,31,440]","["""","" "","" "","" "","" "","" "",""""]",10 % chance to dodge attacks
2,"[439,317,34,1,25,5,102,2,440]","["""","" "","" "","" "","" "","" "","" "",""""]",deduct 10 % max hp from damage
3,"[439,63,32,2,20,77,1,4,9,440]","["""","" "","" "","" "","" "","" "","" "","" "",""""]",reduce enemy's damage by 15 % on entry
4,"[439,318,32,263,4,9,440]","["""","" "","" "","" "","" "",""""]",reveal enemy's hand on entry
5,"[439,2,61,54,12,14,440]","["""","" "","" "","" "","" "",""""]",damage taken is 2 x
6,"[439,133,47,411,89,440]","["""","" "","" "","" "",""""]",block first nonlethal hit
7,"[439,36,41,1,5,45,10,440]","["""","" "","" "","" "","" "","" "",""""]",heal 20 % hp after attack
8,"[439,163,65,62,59,73,2,20,34,1,440]","["""","""","" "","" "","" "",""' "","" "","" "","" "",""""]",field : boost all cards damage by 10 %
9,"[439,44,31,294,39,1,8,25,5,440]","["""","" "","" "","" "","" "","" "","" "","" "",""""]",dodge attacks under 30 % of max hp
10,"[439,232,85,10,37,18,5,440]","["""","" "","" "","" "","" "","" "",""""]",survives lethal attack with 1 hp
11,"[439,146,2,20,35,1,22,193,88,440]","["""","" "","" "","" "","" "","" "","" "","" "",""""]",increase damage by 25 % each time attacked
12,"[439,12,14,2,7,319,440]","["""","" "","" "","" "","" "",""""]",2 x damage to undead
13,"[439,147,74,5,75,7,2,79,440]","["""","" "","" "","" "","" "","" "","" "",""""]",attacker loses hp equal to damage dealt
14,"[439,103,46,2,10,4,9,440]","["""","""","""","" "","" "","" "",""""]",half - damage attack on entry
15,"[439,39,1,29,7,159,32,15,440]","["""","" "","" "","" "","" "","" "","" "",""""]",30 % chance to skip enemy's turn
16,"[439,21,12,28,55,5,134,53,17,1,440]","["""","" "","" "","" "","" "","" "","" "","" "","" "",""""]",gain 2 turns if hp drops below 50 %
17,"[439,56,39,1,5,11,26,4,52,440]","["""","" "","" "","" "","" "","" "","" "","" "",""""]",steal 30 % hp and atk on kill
18,"[439,17,1,29,7,30,320,2,440]","["""","" "","" "","" "","" "","" "","" "",""""]",50 % chance to deal double damage
19,"[439,21,57,105,15,440]","["""","" "","" "","" "",""""]",gain an extra turn
20,"[439,30,12,14,2,3,70,103,55,321,54,295,440]","["""","" "","" "","" "","""","" "","" "","" "","" "","" "","" "",""""]","deal 2 x damage , take half if border is rarer"
21,"[439,17,1,29,7,96,86,23,18,15,440]","["""","" "","" "","" "","" "","" "","" "","" "","" "",""""]",50 % chance to freeze target for 1 turn
22,"[439,17,1,29,7,87,37,18,33,12,5,440]","["""","" "","" "","" "","" "","" "","" "","" "","" "","" "",""""]",50 % chance to revive with 1 / 2 hp
23,"[439,30,17,1,116,2,11,212,148,440]","["""","" "","" "","" "","" "","" "","" "","" "",""""]",deal 50 % more damage and bypass defenses
24,"[439,30,12,14,2,3,18,15,7,177,440]","["""","" "","" "","" "","""","" "","" "","" "","" "",""""]","deal 2 x damage , 1 turn to recharge"
25,"[439,30,105,2,75,7,152,1,8,160,5,440]","["""","" "","" "","" "","" "","" "","" "","" "","" "","" "",""""]",deal extra damage equal to 70 % of lost hp
26,"[439,64,25,5,153,2,4,43,11,62,81,16,20,41,1,440]","["""","" "","" "","" "","" "","" "","" "","" "","" "","" "",""' "","" "","" "","" "",""""]",inflict max hp as damage on death and boost allies stats by 20 %
27,"[439,17,1,29,7,30,25,5,2,4,43,440]","["""","" "","" "","" "","" "","" "","" "","" "","" "","" "",""""]",50 % chance to deal max hp damage on death
28,"[439,322,2,11,5,20,35,1,440]","["""","" "","" "","" "","" "","" "","" "",""""]",boosts damage and hp by 25 %
29,"[439,32,89,29,54,224,135,8,2,7,27,25,5,440]","["""","" "","" "","" "","" "","" "","" "","" "","" "","" "","" "","" "",""""]",enemy's hit chance is squared ratio of damage to self max hp
30,"[439,49,37,213,225,97,89,27,6,25,8,72,214,440]","["""","" "","" "","" "","" "","" "","" "","""","" "","" "","" "","" "",""""]",enemies with status effects cannot hit self ; max of 5 dodges
31,"[439,17,1,29,7,87,37,128,5,440]","["""","" "","" "","" "","" "","" "","" "","" "",""""]",50 % chance to revive with full hp
32,"[439,17,1,29,7,87,37,128,5,11,96,19,440]","["""","" "","" "","" "","" "","" "","" "","" "","" "","" "","" "",""""]",50 % chance to revive with full hp and freeze enemy
33,"[439,250,121,5,67,103,11,215,106,60,4,9,440]","["""","" "","" "","" "","" "","" "","" "","" "","" "","" "","" "",""""]",cut target's hp in half and remove their ability on entry
34,"[439,147,94,2,75,7,82,1,8,27,26,440]","["""","" "","" "","" "","" "","" "","" "","" "","" "","" "",""""]",attacker takes damage equal to 75 % of self atk
35,"[439,10,23,187,14,2,4,9,440]","["""","" "","" "","" "","" "","" "","" "",""""]",attack for 2.5 x damage on entry
36,"[439,63,32,2,20,39,1,4,9,440]","["""","" "","" "","" "","" "","" "","" "","" "",""""]",reduce enemy's damage by 30 % on entry
37,"[439,4,9,3,21,12,109,71,440]","["""","" "","""","" "","" "","" "","" "",""""]","on entry , gain 2 random abilities"
38,"[439,63,2,61,20,82,1,440]","["""","" "","" "","" "","" "","" "",""""]",reduce damage taken by 75 %
39,"[439,56,34,1,8,32,5,11,26,45,387,440]","["""","" "","" "","" "","" "","" "","" "","" "","" "","" "",""""]",steal 10 % of enemy's hp and atk after damaging
40,"[439,17,1,29,7,233,18,33,12,16,7,51,40,4,43,440]","["""","" "","" "","" "","" "","" "","" "","" "","" "","" "","" "","" "","" "","" "",""""]",50 % chance to transfer 1 / 2 stats to next card on death
41,"[439,10,11,56,35,1,8,32,2,4,9,440]","["""","" "","" "","" "","" "","" "","" "","" "","" "","" "",""""]",attack and steal 25 % of enemy's damage on entry
42,"[439,30,187,14,2,3,18,15,7,177,6,388,144,71,440]","["""","" "","" "","" "","""","" "","" "","" "","" "","""","" "","" "","" "",""""]","deal 2.5 x damage , 1 turn to recharge ; bypasses defense abilities"
43,"[439,56,11,412,32,60,4,9,440]","["""","" "","" "","" "","" "","" "","" "",""""]",steal and randomize enemy's ability on entry
44,"[439,62,2,11,5,20,68,1,4,9,440]","["""","" "","" "","" "","" "","" "","" "","" "","" "",""""]",boost damage and hp by 40 % on entry
45,"[439,4,9,10,37,24,14,2,6,66,34,1,16,11,2,237,22,15,440]","["""","" "","" "","" "","" "","" "","" "","""","" "","" "","" "","" "","" "","" "","" "","" "","" "",""""]",on entry attack with 3 x damage ; + 10 % stats and damage reduction each turn
46,"[439,103,32,16,4,9,440]","["""","" "","" "","" "","" "",""""]",half enemy's stats on entry
47,"[439,62,5,20,113,1,4,9,440]","["""","" "","" "","" "","" "","" "","" "",""""]",boost hp by 200 % on entry
48,"[439,4,9,264,50,323,11,358,59,19,144,71,6,359,19,12,46,72,107,76,83,1,2,22,440]","["""","" "","" "","" "","" "","" "","" "","" "","" "","" "","" "","""","" "","" "","" "","" "","" "","" "","" "","" "","" "","" "","" "",""""]",on entry open a domain and disable all enemy defense abilities ; slashes enemy 2 - 5 times dealing 35 % damage each
49,"[439,194,110,170,60,440]","["""","" "","" "","" "",""""]",copy fallen ally's ability
50,"[439,17,1,29,7,30,389,2,6,97,44,154,21,360,440]","["""","" "","" "","" "","" "","" "","" "","""","" "","" "","" "","" "","" "",""""]",50 % chance to deal infinite damage ; cannot dodge or gain shields
51,"[439,62,81,16,20,35,1,4,52,6,44,216,31,58,13,265,8,41,1,5,440]","["""","" "",""' "","" "","" "","" "","" "","" "","""","" "","" "","" "","" "","" "","" "","" "","" "","" "","" "",""""]",boost allies stats by 25 % on kill ; dodge normal attacks at the cost of 20 % hp
52,"[439,4,9,3,119,59,49,58,17,1,438,23,12,28,440]","["""","" "","""","" "","" "","" "","" "","" "","" "","" "","" "","" "","" "",""""]","on entry , poison all enemies at 50 % effectiveness for 2 turns"
53,"[439,178,31,99,49,76,17,1,2,7,22,440]","["""","" "","" "","" "","" "","" "","" "","" "","" "","" "",""""]",randomly attacks 4 enemies dealing 50 % damage to each
54,"[439,44,48,80,10,3,390,47,440]","["""","" "","" "","" "","""","" "","" "",""""]","dodge every other attack , starting first"
55,"[439,21,82,1,26,4,9,6,38,391,50,324,65,12,14,2,3,155,14,19,2,440]","["""","" "","" "","" "","" "","" "","""","" "","" "","" "","" "","""","" "","" "","" "","""","" "","" "","" "","" "",""""]","gain 75 % atk on entry ; when fighting a dragon : 2 x damage , 0.5 x enemy damage"
56,"[439,21,57,60,136,4,13,140,251,440]","["""","" "","" "","" "","" "","" "","" "","" "",""""]",gain an ability based on the card's art
57,"[439,30,99,14,2,3,18,15,7,177,6,4,9,129,59,49,23,24,28,440]","["""","" "","" "","" "","""","" "","" "","" "","" "","""","" "","" "","" "","" "","" "","" "","" "","" "",""""]","deal 4 x damage , 1 turn to recharge ; on entry burn all enemies for 3 turns"
58,"[439,19,74,35,1,8,106,2,15,118,440]","["""","" "","" "","" "","" "","" "","" "","" "","" "",""""]",enemy loses 25 % of their damage turn start
59,"[439,2,97,217,18,33,24,8,25,5,440]","["""","" "","" "","" "","" "","" "","" "","" "","" "",""""]",damage cannot exceed 1 / 3 of max hp
60,"[439,30,24,14,2,3,104,39,1,26,45,10,440]","["""","" "","" "","" "","""","" "","" "","" "","" "","" "","" "",""""]","deal 3 x damage , lose 30 % atk after attack"
61,"[439,63,2,20,77,1,8,25,5,3,91,207,440]","["""","" "","" "","" "","" "","" "","" "","" "","""","" "","" "",""""]","reduce damage by 15 % of max hp , then halve"
62,"[439,4,9,3,21,10,75,7,392,296,8,59,110,81,10,6,94,90,14,2,440]","["""","" "","""","" "","" "","" "","" "","" "","" "","" "","" "","" "","" "","" "","""","" "","" "","" "","" "",""""]","on entry , gain attack equal to combined total of all fallen allies attack ; takes 1.5 x damage"
63,"[439,31,64,12,28,8,149,6,70,18,33,12,2,102,49,37,149,440]","["""","" "","" "","" "","" "","" "","""","" "","" "","" "","" "","" "","" "","" "","" "","" "",""""]",attacks inflict 2 turns of frostbite ; take 1 / 2 damage from enemies with frostbite
64,"[439,4,9,3,152,1,29,7,252,19,16,7,78,195,429,16,440]","["""","" "","""","" "","" "","" "","" "","" "","" "","" "","" "","" "","" "","" "","" "",""""]","on entry , 70 % chance to set enemy stats to its base borderless stats"
65,"[439,130,196,3,55,27,164,114,3,13,19,92,120,440]","["""","" "","""","" "","" "","" "","" "","""","" "","" "","" "","" "",""""]","once only , if self would die , the enemy dies instead"
66,"[439,19,26,134,34,1,45,10,440]","["""","" "","" "","" "","" "","" "","" "",""""]",enemy atk drops 10 % after attack
67,"[439,24,14,31,3,22,76,17,1,2,440]","["""","" "","" "","""","" "","" "","" "","" "","" "",""""]","3 x attacks , each dealing 50 % damage"
68,"[439,73,8,63,325,30,18,33,12,2,440]","["""","" "","" "","" "","" "","" "","" "","" "","" "",""""]",cards of reduce rarity deal 1 / 2 damage
69,"[439,32,156,71,326,197,6,12,14,2,7,156,46,136,73,440]","["""","" "","" "","" "","" "","""","" "","" "","" "","" "","" "","""","""","" "",""""]",enemy's rng abilities always fail ; 2 x damage to rng - based cards
70,"[439,21,17,1,238,11,181,38,88,440]","["""","" "","" "","" "","" "","" "","" "","" "",""""]",gain 50 % lifesteal and counterattack when attacked
71,"[439,207,5,3,12,14,26,440]","["""","" "","""","" "","" "","" "",""""]","halve hp , 2 x atk"
72,"[439,10,4,9,440]","["""","" "","" "",""""]",attack on entry
73,"[439,133,47,10,440]","["""","" "","" "",""""]",block first attack
74,"[439,36,152,1,8,2,61,440]","["""","" "","" "","" "","" "","" "",""""]",heal 70 % of damage taken
75,"[439,215,32,60,45,76,2,440]","["""","" "","" "","" "","" "","" "",""""]",remove enemy's ability after dealing damage
76,"[439,87,58,18,33,12,5,55,57,42,92,440]","["""","" "","" "","" "","" "","" "","" "","" "","" "","" "",""""]",revive at 1 / 2 hp if an ally dies
77,"[439,38,297,11,67,137,3,59,81,327,328,7,213,225,440]","["""","" "","" "","" "","" "","""","" "","" "","" "","" "","" "","" "","" "",""""]","when alive and in party , all allies become immune to status effects"
78,"[439,4,43,3,171,13,51,40,102,100,10,440]","["""","" "","""","" "","" "","" "","" "","" "","" "","" "",""""]","on death , shield the next card from one attack"
79,"[439,175,13,51,40,3,234,78,4,46,43,60,440]","["""","" "","" "","" "","""","" "","" "","" "","""","""","" "",""""]","damages the next card , ignoring its on - death ability"
80,"[439,105,10,23,17,1,2,413,148,440]","["""","" "","" "","" "","" "","" "","" "","" "",""""]",extra attack for 50 % damage bypassing defenses
81,"[439,129,86,23,24,28,38,88,440]","["""","" "","" "","" "","" "","" "","" "",""""]",burn target for 3 turns when attacked
82,"[439,146,16,20,34,1,23,13,47,72,28,440]","["""","" "","" "","" "","" "","" "","" "","" "","" "","" "",""""]",increase stats by 10 % for the first 5 turns
83,"[439,45,10,3,16,329,20,46,34,7,66,39,1,440]","["""","" "","""","" "","" "","" "","" "","" "","" "","" "","" "","" "",""""]","after attack , stats change by - 10 to + 30 %"
84,"[439,62,51,140,16,20,41,1,4,9,440]","["""","" "","" "","" "","" "","" "","" "","" "","" "",""""]",boost next card's stats by 20 % on entry
85,"[439,62,16,20,41,1,4,9,6,36,34,1,5,23,22,15,440]","["""","" "","" "","" "","" "","" "","" "","""","" "","" "","" "","" "","" "","" "","" "",""""]",boost stats by 20 % on entry ; heal 10 % hp for each turn
86,"[439,63,121,26,20,68,1,8,2,79,440]","["""","" "","" "","" "","" "","" "","" "","" "","" "",""""]",reduce target's atk by 40 % of damage dealt
87,"[439,226,2,53,82,1,8,27,26,440]","["""","" "","" "","" "","" "","" "","" "","" "",""""]",nullify damage below 75 % of self atk
88,"[439,22,19,74,5,75,7,39,1,8,2,79,440]","["""","" "","" "","" "","" "","" "","" "","" "","" "","" "","" "",""""]",each enemy loses hp equal to 30 % of damage dealt
89,"[439,118,37,12,28,3,91,21,18,22,298,440]","["""","" "","" "","" "","""","" "","" "","" "","" "","" "",""""]","start with 2 turns , then gain 1 each cycle"
90,"[439,111,49,299,4,198,266,440]","["""","" "","" "","" "","" "","" "",""""]",defeated enemies fight on your side
91,"[439,56,26,11,5,75,7,2,79,440]","["""","" "","" "","" "","" "","" "","" "","" "",""""]",steal atk and hp equal to damage dealt
92,"[439,161,86,4,9,440]","["""","" "","" "","" "",""""]",slow target on entry
93,"[439,183,1,29,7,44,31,440]","["""","" "","" "","" "","" "","" "",""""]",60 % chance to dodge attacks
94,"[439,36,83,1,5,22,15,440]","["""","" "","" "","" "","" "","" "",""""]",heal 35 % hp each turn
95,"[439,30,12,14,2,91,99,14,37,50,330,440]","["""","" "","" "","" "","" "","" "","" "","" "","" "","" "",""""]",deal 2 x damage then 4 x with a meteor
96,"[439,30,24,14,2,3,159,51,15,440]","["""","" "","" "","" "","""","" "","" "","" "",""""]","deal 3 x damage , skip next turn"
97,"[439,70,24,28,3,91,18,440]","["""","" "","" "","""","" "","" "",""""]","take 3 turns , then 1"
98,"[439,32,89,29,54,224,135,8,2,7,27,25,5,6,4,47,43,172,120,440]","["""","" "","" "","" "","" "","" "","" "","" "","" "","" "","" "","" "","""","" "","" "","" "","" "","" "",""""]",enemy's hit chance is squared ratio of damage to self max hp ; on first death awaken instead
99,"[439,56,82,1,8,13,16,102,13,40,331,27,11,393,69,6,150,440]","["""","" "","" "","" "","" "","" "","" "","" "","" "","" "","" "","" "","" "","" "","""","" "",""""]",steal 75 % of the stats from the card behind self and banishes it ; counterattacks
100,"[439,64,112,23,24,28,4,9,6,300,55,32,26,54,188,1,332,440]","["""","" "","" "","" "","" "","" "","" "","""","" "","" "","" "","" "","" "","" "","" "","" "",""""]",inflict confusion for 3 turns on entry ; fails if enemy's atk is 400 % higher
101,"[439,44,85,11,218,37,57,42,440]","["""","" "","" "","" "","" "","" "","" "",""""]",dodge lethal and switch with an ally
102,"[439,44,47,10,3,212,148,440]","["""","" "","" "","""","" "","" "",""""]","dodge first attack , bypass defenses"
103,"[439,49,101,189,114,45,12,28,440]","["""","" "","" "","" "","" "","" "","" "",""""]",enemies you see die after 2 turns
104,"[439,55,40,301,164,70,85,10,65,27,94,78,165,3,219,10,3,11,138,12,14,16,440]","["""","" "","" "","" "","" "","" "","" "","""","" "","" "","" "","" "","""","" "","" "","""","" "","" "","" "","" "","" "",""""]","if card ahead would take lethal attack : self takes its place , blocks attack , and gains 2 x stats"
105,"[439,30,12,14,2,4,9,55,57,42,54,131,440]","["""","" "","" "","" "","" "","" "","" "","" "","" "","" "","" "",""""]",deal 2 x damage on entry if an ally is dead
106,"[439,333,59,71,108,67,199,440]","["""","" "","" "","" "","" "","" "",""""]",cancel all abilities while in play
107,"[439,30,190,1,2,45,72,302,3,267,4,43,440]","["""","" "","" "","" "","" "","" "","" "","""","" "","" "","" "",""""]","deal 300 % damage after 5 moves , even on death"
108,"[439,21,41,1,16,22,15,23,245,28,440]","["""","" "","" "","" "","" "","" "","" "","" "","" "",""""]",gain 20 % stats each turn for 9 turns
109,"[439,21,68,1,16,23,22,173,242,40,440]","["""","" "","" "","" "","" "","" "","" "","" "","" "",""""]",gain 40 % stats for each unique friendship card
110,"[439,21,68,1,16,23,22,173,242,40,440]","["""","" "","" "","" "","" "","" "","" "","" "","" "",""""]",gain 40 % stats for each unique friendship card
111,"[439,30,90,14,2,3,21,105,15,3,11,66,41,1,16,4,52,440]","["""","" "","" "","" "","""","" "","" "","" "","""","" "","" "","" "","" "","" "","" "","" "",""""]","deal 1.5 x damage , gain extra turn , and + 20 % stats on kill"
112,"[439,19,74,41,1,25,5,22,15,440]","["""","" "","" "","" "","" "","" "","" "","" "",""""]",enemy loses 20 % max hp each turn
113,"[439,44,47,85,89,91,12,14,2,440]","["""","" "","" "","" "","" "","" "","" "","" "",""""]",dodge first lethal hit then 2 x damage
114,"[439,430,23,24,28,91,92,440]","["""","" "","" "","" "","" "","" "",""""]",invincible for 3 turns then dies
115,"[439,104,18,33,151,16,38,227,440]","["""","" "","" "","" "","" "","" "","" "",""""]",lose 1 / 8 stats when damaged
116,"[439,48,24,28,3,49,303,11,101,21,84,1,2,440]","["""","" "","" "","""","" "","" "","" "","" "","" "","" "","" "","" "",""""]","every 3 turns , enemies rests and you gain 100 % damage"
117,"[439,48,80,15,3,19,175,243,440]","["""","" "","" "","""","" "","" "","" "",""""]","every other turn , enemy damages themselves"
118,"[439,226,48,80,10,11,36,184,1,8,78,2,440]","["""","" "","" "","" "","" "","" "","" "","" "","" "","" "","" "",""""]",nullify every other attack and heal 80 % of its damage
119,"[439,235,112,4,9,6,55,13,19,27,46,200,65,46,41,1,26,6,268,3,112,394,440]","["""","" "","" "","" "","""","" "","" "","" "","" "","""","""","""","" "","" "","" "","" "","""","" "","""","" "","" "",""""]","inflicts confusion on entry ; if the enemy self - hits : - 20 % atk ; else , confusion persists"
120,"[439,16,146,20,39,1,23,12,28,6,172,45,12,28,440]","["""","" "","" "","" "","" "","" "","" "","" "","""","" "","" "","" "","" "",""""]",stats increase by 30 % for 2 turns ; awaken after 2 turns
121,"[439,21,39,1,26,22,15,125,440]","["""","" "","" "","" "","" "","" "","" "",""""]",gain 30 % atk each turn end
122,"[439,17,1,29,7,117,13,32,145,40,11,30,24,14,2,440]","["""","" "","" "","" "","" "","" "","" "","" "","" "","" "","" "","" "","" "","" "",""""]",50 % chance to swap the enemy's current card and deal 3 x damage
123,"[439,36,7,128,5,4,52,440]","["""","" "","" "","" "","" "","" "",""""]",heal to full hp on kill
124,"[439,70,18,33,24,162,2,102,334,440]","["""","" "","" "","" "","" "","" "","" "","" "",""""]",take 1 / 3 less damage from demons
125,"[439,36,20,25,5,45,81,70,24,28,440]","["""","" "","" "","" "","" "","" "","" "","" "","" "",""""]",heal by max hp after allies take 3 turns
126,"[439,21,39,1,16,23,12,28,11,172,4,13,208,440]","["""","" "","" "","" "","" "","" "","" "","" "","" "","" "","" "","" "",""""]",gain 30 % stats for 2 turns and awaken on the third
127,"[439,19,74,39,1,8,106,145,5,15,118,440]","["""","" "","" "","" "","" "","" "","" "","" "","" "","" "",""""]",enemy loses 30 % of their current hp turn start
128,"[439,63,2,20,83,1,6,62,81,16,20,34,1,22,15,440]","["""","" "","" "","" "","" "","""","" "","" "",""' "","" "","" "","" "","" "","" "",""""]",reduce damage by 35 % ; boost allies stats by 10 % each turn
129,"[439,4,9,3,395,18,8,182,361,3,362,78,173,60,440]","["""","" "","""","" "","" "","" "","" "","" "","""","" "","" "","" "","" "",""""]","on entry , manifest 1 of 6 weapons , gaining its unique ability"
130,"[439,335,50,109,40,37,27,16,11,165,69,58,13,125,8,42,93,440]","["""","" "","" "","" "","" "","" "","" "","" "","" "","" "","" "","" "","" "","" "","" "","" "",""""]",create a random card with self stats and place it at the end of ally deck
131,"[439,62,16,20,185,1,4,9,440]","["""","" "","" "","" "","" "","" "","" "",""""]",boost stats by 65 % on entry
132,"[439,21,113,1,26,4,9,3,104,26,75,7,2,61,6,36,83,1,11,21,83,1,26,4,52,440]","["""","" "","" "","" "","" "","" "","""","" "","" "","" "","" "","" "","" "","""","" "","" "","" "","" "","" "","" "","" "","" "","" "","" "",""""]","gain 200 % atk on entry , lose atk equal to damage taken ; heal 35 % and gain 35 % atk on kill"
133,"[439,396,17,1,8,2,61,20,81,7,27,440]","["""","" "","" "","" "","" "","" "","" "","" "","" "","" "",""""]",redirect 50 % of damage taken by allies to self
134,"[439,30,253,1,2,4,9,3,234,148,440]","["""","" "","" "","" "","" "","" "","""","" "","" "",""""]","deal 150 % damage on entry , ignoring defenses"
135,"[439,87,37,18,33,12,5,11,12,14,26,6,129,414,23,12,28,440]","["""","" "","" "","" "","" "","" "","" "","" "","" "","" "","""","" "","" "","" "","" "","" "",""""]",revive with 1 / 2 hp and 2 x atk ; burn attackers for 2 turns
136,"[439,36,41,1,5,22,15,3,37,17,1,29,7,21,39,1,26,440]","["""","" "","" "","" "","" "","" "","""","" "","" "","" "","" "","" "","" "","" "","" "","" "",""""]","heal 20 % hp each turn , with 50 % chance to gain 30 % atk"
137,"[439,32,73,97,254,71,23,24,28,440]","["""","" "","" "","" "","" "","" "","" "","" "",""""]",enemy's cards cannot use abilities for 3 turns
138,"[439,239,38,5,166,53,17,1,440]","["""","" "","" "","" "","" "","" "","" "",""""]",transform when hp falls below 50 %
139,"[439,87,50,131,42,154,36,50,174,100,20,17,1,120,8,415,6,269,7,125,8,93,55,209,336,440]","["""","" "","" "","" "","" "","" "","" "","" "","" "","" "","" "","" "","" "","" "","" "","""","" "","" "","" "","" "","" "","" "","" "","" "",""""]",revive a dead ally or heal a living one by 50 % instead of attacking ; move to end of deck if fully healed
140,"[439,12,14,5,11,26,48,24,28,440]","["""","" "","" "","" "","" "","" "","" "","" "",""""]",2 x hp and atk every 3 turns
141,"[439,4,43,3,21,24,228,440]","["""","" "","""","" "","" "","" "",""""]","on death , gain 3 fossils"
142,"[439,48,80,15,3,21,50,171,440]","["""","" "","" "","""","" "","" "","" "",""""]","every other turn , gain a shield"
143,"[439,10,50,109,174,40,67,13,19,93,440]","["""","" "","" "","" "","" "","" "","" "","" "","" "",""""]",attack a random living card in the enemy deck
144,"[439,10,4,9,6,337,2,102,52,363,270,7,13,51,40,440]","["""","" "","" "","""","" "","" "","" "","" "","" "","" "","" "","" "","" "","" "",""""]",attack on entry ; excess damage from kill carries over to the next card
145,"[439,10,48,80,15,3,214,10,4,28,69,132,126,6,90,14,2,440]","["""","" "","" "","" "","""","" "","" "","" "","" "","" "","" "","" "","""","" "","" "","" "",""""]","attack every other turn , dodges attack on turns it does not ; 1.5 x damage"
146,"[439,4,9,3,10,11,210,119,6,44,13,47,85,10,11,117,37,13,51,42,440]","["""","" "","""","" "","" "","" "","" "","""","" "","" "","" "","" "","" "","" "","" "","" "","" "","" "","" "",""""]","on entry , attack and apply poison ; dodge the first lethal attack and swap with the next ally"
147,"[439,4,9,96,13,19,6,31,167,440]","["""","" "","" "","" "","" "","""","" "","" "",""""]",on entry freeze the enemy ; attacks twice
148,"[439,68,1,29,7,44,31,6,55,69,132,3,51,10,95,12,14,2,440]","["""","" "","" "","" "","" "","" "","""","" "","" "","" "","""","" "","" "","" "","" "","" "","" "",""""]","40 % chance to dodge attacks ; if it does , next attack deals 2 x damage"
149,"[439,229,144,71,440]","["""","" "","" "",""""]",ignores defense abilities
150,"[439,68,1,29,22,15,7,36,7,128,440]","["""","" "","" "","" "","" "","" "","" "","" "","" "",""""]",40 % chance each turn to heal to full
151,"[439,31,37,34,14,2,11,92,6,4,43,3,66,12,228,440]","["""","" "","" "","" "","" "","" "","" "","""","" "","" "","""","" "","" "","" "",""""]","attacks with 10 x damage and dies ; on death , + 2 fossils"
152,"[439,4,9,3,17,1,29,7,338,13,32,271,272,40,6,97,186,339,20,71,440]","["""","" "","""","" "","" "","" "","" "","" "","" "","" "","" "","" "","" "","""","" "","" "","" "","" "","" "",""""]","on entry , 50 % chance to negate the enemy's blue aura card ; cannot be killed by abilities"
153,"[439,94,35,1,162,2,6,38,88,13,19,340,6,150,440]","["""","" "","" "","" "","" "","""","" "","" "","" "","" "","" "","""","" "",""""]",takes 25 % less damage ; when attacked the enemy bleeds ; counterattacks
154,"[439,4,2,64,43,67,65,72,46,141,168,122,25,12,123,28,440]","["""","" "","" "","" "","" "","""","" "","" "","" "","" "","" "","""","" "","""","" "",""""]",on damage inflict death in : 5 - fossil count ( max 2 ) turns
155,"[439,364,23,100,15,142,10,6,95,82,1,2,6,175,141,168,66,18,49,67,13,93,122,25,8,24,123,440]","["""","" "","" "","" "","" "","" "","""","" "","" "","" "","" "","""","" "","" "","" "","" "","" "","" "","" "","" "","" "","" "","""","" "","" "","""",""""]",charges for one turn before attack ; deals 75 % damage ; damages fossil count + 1 enemies in the deck ( max of 3 )
156,"[439,30,12,14,2,55,13,19,157,17,1,154,162,5,6,66,84,1,26,4,52,440]","["""","" "","" "","" "","" "","" "","" "","" "","" "","" "","" "","" "","" "","""","" "","" "","" "","" "","" "","" "",""""]",deal 2 x damage if the enemy has 50 % or less hp ; + 100 % atk on kill
157,"[439,94,18,33,12,2,6,95,17,1,116,2,6,55,141,168,246,12,3,150,440]","["""","" "","" "","" "","" "","""","" "","" "","" "","" "","" "","""","" "","" "","" "","" "","" "","""","" "",""""]","takes 1 / 2 damage ; deals 50 % more damage ; if fossil count > 2 , counterattacks"
158,"[439,158,13,32,10,7,27,2,440]","["""","" "","" "","" "","" "","" "","" "",""""]",add the enemy's attack to self damage
159,"[439,4,9,3,23,48,141,3,90,14,2,440]","["""","" "","""","" "","" "","" "","""","" "","" "","" "",""""]","on entry , for every fossil , 1.5 x damage"
160,"[439,27,138,66,39,1,2,22,15,440]","["""","" "","" "","" "","" "","" "","" "","" "",""""]",self gains + 30 % damage each turn
161,"[439,31,365,77,1,25,5,201,2,440]","["""","" "","" "","" "","" "","" "","" "","" "",""""]",attacks convert 15 % max hp into damage
162,"[439,30,18,14,2,11,70,18,14,2,440]","["""","" "","" "","" "","" "","" "","" "","" "","" "",""""]",deal 1 x damage and take 1 x damage
163,"[439,63,32,5,20,77,1,4,9,440]","["""","" "","" "","" "","" "","" "","" "","" "",""""]",reduce enemy's hp by 15 % on entry
164,"[439,4,43,3,13,51,40,202,44,57,10,440]","["""","" "","""","" "","" "","" "","" "","" "","" "","" "",""""]","on death , the next card will dodge an attack"
165,"[439,70,90,14,2,6,30,90,14,2,440]","["""","" "","" "","" "","""","" "","" "","" "","" "",""""]",take 1.5 x damage ; deal 1.5 x damage
166,"[439,72,14,31,3,22,76,18,33,99,2,440]","["""","" "","" "","""","" "","" "","" "","" "","" "","" "",""""]","5 x attacks , each dealing 1 / 4 damage"
167,"[439,129,19,23,72,28,38,88,440]","["""","" "","" "","" "","" "","" "","" "",""""]",burn enemy for 5 turns when attacked
168,"[439,62,59,73,2,41,1,440]","["""","" "","" "",""' "","" "","" "",""""]",boost all cards damage 20 %
169,"[439,27,273,186,111,24,107,142,69,255,114,440]","["""","" "","" "","" "","" "","" "","" "","" "","" "","" "",""""]",self must be defeated 3 times before it can die
170,"[439,95,2,75,7,17,1,8,121,145,5,6,74,35,1,5,45,10,440]","["""","" "","" "","" "","" "","" "","" "","" "","" "","" "","""","" "","" "","" "","" "","" "","" "",""""]",deals damage equal to 50 % of target's current hp ; loses 25 % hp after attack
171,"[439,13,19,74,35,1,8,78,5,22,15,440]","["""","" "","" "","" "","" "","" "","" "","" "","" "","" "",""""]",the enemy loses 25 % of its hp each turn
172,"[439,4,9,3,10,59,49,37,35,1,8,2,440]","["""","" "","""","" "","" "","" "","" "","" "","" "","" "","" "",""""]","on entry , attack all enemies with 25 % of damage"
173,"[439,21,39,1,16,23,22,110,42,6,53,35,1,5,3,2,61,54,341,440]","["""","" "","" "","" "","" "","" "","" "","" "","""","" "","" "","" "","" "","""","" "","" "","" "","" "",""""]","gain 30 % stats for each fallen ally ; below 25 % hp , damage taken is halved"
174,"[439,36,17,1,8,13,2,79,440]","["""","" "","" "","" "","" "","" "","" "",""""]",heal 50 % of the damage dealt
175,"[439,304,19,274,366,4,9,6,19,15,125,6,36,20,11,397,41,1,121,26,440]","["""","" "","" "","" "","" "","" "","""","" "","" "","" "","""","" "","" "","" "","" "","" "","" "","" "","" "",""""]",clear enemy stat changes on entry ; enemy turn end ; heal by and subtract 20 % target's atk
176,"[439,36,35,1,5,45,88,440]","["""","" "","" "","" "","" "","" "",""""]",heal 25 % hp after attacked
177,"[439,398,35,1,8,60,2,61,122,124,7,256,1,8,220,2,123,440]","["""","" "","" "","" "","" "","" "","" "","" "","""","" "","" "","" "","" "","" "","" "","""",""""]",reflects 25 % of ability damage taken ( up to 800 % of self's damage )
178,"[439,176,23,191,28,130,5,367,275,6,45,10,3,119,13,86,23,77,1,8,106,25,5,440]","["""","" "","" "","" "","" "","" "","" "","" "","""","" "","" "","""","" "","" "","" "","" "","" "","" "","" "","" "","" "","" "",""""]","survive for two turns once hp reaches zero ; after attack , poison the target for 15 % of their max hp"
179,"[439,31,230,49,53,35,1,5,202,52,440]","["""","" "","" "","" "","" "","" "","" "","" "","" "",""""]",attacks against enemies below 25 % hp will kill
180,"[439,31,4,9,6,31,63,13,121,2,20,34,1,440]","["""","" "","" "","""","" "","" "","" "","" "","" "","" "","" "","" "",""""]",attacks on entry ; attacks reduce the target's damage by 10 %
181,"[439,66,24,28,6,139,53,17,1,5,440]","["""","" "","" "","""","" "","" "","" "","" "","" "",""""]",+ 3 turns ; fades below 50 % hp
182,"[439,63,32,2,20,68,1,4,9,440]","["""","" "","" "","" "","" "","" "","" "","" "",""""]",reduce enemy's damage by 40 % on entry
183,"[439,45,10,3,165,133,67,305,8,27,6,22,133,368,68,1,27,25,5,2,6,25,24,219,440]","["""","" "","""","" "","" "","" "","" "","" "","" "","""","" "","" "","" "","" "","" "","" "","" "","" "","" "","""","" "","" "","" "",""""]","after attack , place block in front of self ; each block absorbs 40 % self max hp damage ; max 3 blocks"
184,"[439,22,15,21,18,203,306,6,58,24,203,3,369,204,7,276,13,51,10,30,84,1,98,2,11,36,35,1,25,5,440]","["""","" "","" "","" "","" "","" "","""","" "","" "","" "","""","" "","" "","" "","" "","" "","" "","" "","" "","" "","" "","" "","" "","" "","" "","" "","" "","" "","" "",""""]","each turn gain 1 void stack ; at 3 void , consume them to make the next attack deal 100 % increased damage and heal 25 % max hp"
185,"[439,179,57,19,209,236,5,11,180,240,2,20,17,1,3,399,37,22,52,440]","["""","" "","" "","" "","" "","" "","" "","" "","" "","" "","" "","" "","" "","""","" "","" "","" "","" "",""""]","defeating an enemy fully restores hp and permanently increases damage by 50 % , stacking with each kill"
186,"[439,4,9,3,277,13,247,182,7,178,21,18,46,17,1,2,3,18,46,17,1,25,5,3,11,18,46,39,1,2,237,23,221,440]","["""","" "","""","" "","" "","" "","""","" "","" "","" "","" "","" "","" "","" "","" "","""","" "","" "","" "","" "","" "","" "","""","" "","" "","" "","" "","" "","" "","" "","" "","" "",""""]","on entry , roll the d 6 to randomly gain 1 - 50 % damage , 1 - 50 % max hp , and 1 - 30 % damage reduction for battle"
187,"[439,13,47,10,230,22,19,95,84,1,98,2,11,229,144,71,440]","["""","" "","" "","" "","" "","" "","" "","" "","" "","" "","" "","" "","" "","" "","" "",""""]",the first attack against each enemy deals 100 % increased damage and ignores defense abilities
188,"[439,23,48,18,1,8,25,5,160,3,21,18,1,98,2,6,435,3,21,155,1,238,23,48,18,1,8,25,5,160,440]","["""","" "","" "","" "","" "","" "","" "","" "","""","" "","" "","" "","" "","" "","""","" "","""","" "","" "","" "","" "","" "","" "","" "","" "","" "","" "","" "","" "",""""]","for every 1 % of max hp lost , gain 1 % increased damage ; additionally , gain 0.5 % lifesteal for every 1 % of max hp lost"
189,"[439,31,370,5,75,7,35,1,8,2,79,6,48,208,10,400,416,307,3,401,24,107,23,17,1,2,22,440]","["""","" "","" "","" "","" "","" "","" "","" "","" "","" "","""","" "","" "","" "","" "","" "","" "","""","" "","" "","" "","" "","" "","" "","" "","" "",""""]","attacks restore hp equal to 25 % of damage dealt ; every third attack performs waterfowl dance , striking 3 times for 50 % damage each"
190,"[439,142,10,3,417,77,1,8,145,5,7,21,39,1,98,2,6,179,57,19,236,41,1,8,25,5,440]","["""","" "","""","" "","" "","" "","" "","" "","" "","" "","" "","" "","" "","" "","" "","""","" "","" "","" "","" "","" "","" "","" "","" "","" "",""""]","before attack , sacrifice 15 % of current hp to gain 30 % increased damage ; defeating an enemy restores 20 % of max hp"
191,"[439,47,193,27,164,114,65,308,257,418,6,176,58,18,5,11,30,17,1,27,25,5,2,7,19,440]","["""","" "","" "","" "","" "","""","" "","" "","" "","""","" "","" "","" "","" "","" "","" "","" "","" "","" "","" "","" "","" "","" "","" "",""""]",first time self would die : black box overloads ; survive at 1 hp and deal 50 % self max hp damage to enemy
192,"[439,108,143,3,96,22,19,4,106,47,15,6,30,84,1,98,2,7,342,49,440]","["""","" "","""","" "","" "","" "","" "","" "","" "","" "","""","" "","" "","" "","" "","" "","" "","" "","" "",""""]","while active , freeze each enemy on their first turn ; deal 100 % increased damage to frozen enemies"
193,"[439,30,82,1,98,2,108,309,13,222,5,6,108,53,13,222,5,70,248,1,371,2,120,440]","["""","" "","" "","" "","" "","" "","" "","" "","" "","" "","""","" "","" "","" "","" "","" "","" "","" "","" "","" "","" "","" "",""""]",deal 75 % increased damage while above the enemys hp ; while below the enemys hp take 45 % reduced damage instead
194,"[439,39,1,29,7,431,343,3,76,17,1,98,2,6,402,372,244,373,50,344,46,124,10,76,17,1,2,440]","["""","" "","" "","" "","" "","" "","""","" "","" "","" "","" "","" "","""","" "","" "","" "","" "","" "","" "","""","""","" "","" "","" "","" "","" "",""""]","30 % chance to critically strike , dealing 50 % increased damage ; critical strikes immediately trigger a follow - up attack dealing 50 % damage"
195,"[439,4,9,3,345,191,346,8,27,7,13,278,8,42,93,6,22,194,157,83,1,8,220,16,440]","["""","" "","""","" "","" "","" "","" "","" "","" "","" "","" "","" "","" "","" "","""","" "","" "","" "","" "","" "","" "","" "","" "",""""]","on entry , summon two copies of self to the back of ally deck ; each copy has 35 % of self's stats"
196,"[439,108,126,13,143,40,3,21,34,1,2,11,25,5,45,22,347,15,6,25,8,190,1,195,440]","["""","" "","" "","" "","" "","""","" "","" "","" "","" "","" "","" "","" "","" "","" "","" "","" "","""","" "","" "","" "","" "","" "",""""]","while not the active card , gain 10 % damage and max hp after each allied turn ; max of 300 % base"
197,"[439,4,43,3,279,35,1,16,7,51,42,11,18,15,171,440]","["""","" "","""","" "","" "","" "","" "","" "","" "","" "","" "","" "","" "","" "",""""]","on death , give 25 % stats to next ally and 1 turn shield"
198,"[439,150,11,280,19,4,281,440]","["""","" "","" "","" "","" "","" "",""""]",counterattacks and sets enemy on fire
199,"[439,4,9,3,374,13,348,440]","["""","" "","""","" "","" "","" "",""""]","on entry , shuffle the lineup"
200,"[439,44,47,85,10,11,36,17,1,25,5,440]","["""","" "","" "","" "","" "","" "","" "","" "","" "","" "",""""]",dodge first lethal attack and heal 50 % max hp
201,"[439,21,41,1,44,29,11,48,89,61,240,13,29,20,34,1,124,7,17,1,440]","["""","" "","" "","" "","" "","" "","" "","" "","" "","" "","" "","" "","" "","" "","" "","" "","" "","" "","" "",""""]",gain 20 % dodge chance and every hit taken increases the chance by 10 % up to 50 %
202,"[439,403,57,19,54,111,20,27,3,180,21,39,1,16,8,111,40,11,244,105,10,440]","["""","" "","" "","" "","" "","" "","" "","""","" "","" "","" "","" "","" "","" "","" "","" "","" "","" "","" "","" "",""""]","whenever an enemy is defeated by self , permanently gain 30 % stats of defeated card and immediately extra attack"
203,"[439,163,65,10,419,143,40,23,35,1,2,440]","["""","""","" "","" "","" "","" "","" "","" "","" "","" "",""""]",field : attack alongside active card for 25 % damage
204,"[439,4,9,3,10,59,49,18,46,151,107,3,76,34,1,2,115,89,440]","["""","" "","""","" "","" "","" "","" "","" "","" "","" "","""","" "","" "","" "","" "","" "","" "",""""]","on entry , attack all enemies 1 - 8 times , dealing 10 % damage per hit"
205,"[439,56,34,1,8,32,26,11,5,4,106,9,440]","["""","" "","" "","" "","" "","" "","" "","" "","" "","" "","" "",""""]",steal 10 % of enemy's atk and hp on their entry
206,"[439,66,17,1,2,3,46,39,1,2,61,6,139,53,18,33,12,5,6,36,11,21,2,20,41,1,4,52,440]","["""","" "","" "","" "","""","" "","" "","" "","" "","" "","""","" "","" "","" "","" "","" "","" "","""","" "","" "","" "","" "","" "","" "","" "","" "","" "",""""]","+ 50 % damage , - 30 % damage taken ; fades below 1 / 2 hp ; heal and gain damage by 20 % on kill"
207,"[439,36,11,21,2,20,41,1,4,52,440]","["""","" "","" "","" "","" "","" "","" "","" "","" "",""""]",heal and gain damage by 20 % on kill
208,"[439,32,47,24,31,282,78,26,20,83,1,440]","["""","" "","" "","" "","" "","" "","" "","" "","" "","" "",""""]",enemy's first 3 attacks drop its atk by 35 %
209,"[439,36,113,1,8,26,153,5,22,15,3,104,34,1,26,440]","["""","" "","" "","" "","" "","" "","" "","" "","" "","""","" "","" "","" "","" "",""""]","heal 200 % of atk as hp each turn , lose 10 % atk"
210,"[439,181,38,227,440]","["""","" "","" "",""""]",counterattack when damaged
211,"[439,19,71,210,7,101,120,440]","["""","" "","" "","" "","" "","" "",""""]",enemy abilities apply to you instead
212,"[439,56,77,1,8,19,16,22,15,6,56,49,60,4,13,47,52,440]","["""","" "","" "","" "","" "","" "","" "","" "","""","" "","" "","" "","" "","" "","" "","" "",""""]",steal 15 % of enemy stats each turn ; steal enemies ability on the first kill
213,"[439,5,375,20,84,14,6,38,88,181,58,34,1,2,440]","["""","" "","" "","" "","" "","""","" "","" "","" "","" "","" "","" "","" "",""""]",hp boosted by 100 x ; when attacked counterattack at 10 % damage
214,"[439,239,11,36,38,5,134,53,185,1,440]","["""","" "","" "","" "","" "","" "","" "","" "","" "",""""]",transform and heal when hp drops below 65 %
215,"[439,283,51,140,2,20,188,1,3,127,69,92,45,10,440]","["""","" "","" "","" "","" "","" "","" "","""","" "","" "","" "","" "","" "",""""]","buff next card's damage by 400 % , but it dies after attack"
216,"[439,30,18,46,72,14,2,58,109,440]","["""","" "","" "","" "","" "","" "","" "","" "",""""]",deal 1 - 5 x damage at random
217,"[439,66,113,1,2,3,46,17,1,2,61,6,139,53,35,1,5,440]","["""","" "","" "","" "","""","" "","" "","" "","" "","" "","""","" "","" "","" "","" "","" "",""""]","+ 200 % damage , - 50 % damage taken ; fades below 25 % hp"
218,"[439,29,7,52,136,4,2,7,5,135,6,17,1,29,7,27,404,4,43,3,432,25,5,153,2,440]","["""","" "","" "","" "","" "","" "","" "","" "","" "","""","" "","" "","" "","" "","" "","" "","" "","" "","""","" "","" "","" "","" "","" "",""""]","chance to kill based on damage to hp ratio ; 50 % chance to self destruct on death , inflicting max hp as damage"
219,"[439,12,14,5,33,26,4,9,127,104,77,1,22,15,440]","["""","" "","" "","""","""","" "","" "","" "","" "","" "","" "","" "","" "",""""]",2 x hp / atk on entry but lose 15 % each turn
220,"[439,68,1,29,7,44,31,3,146,2,20,41,1,4,44,440]","["""","" "","" "","" "","" "","" "","""","" "","" "","" "","" "","" "","" "","" "",""""]","40 % chance to dodge attacks , increase damage by 20 % on dodge"
221,"[439,10,24,107,58,155,14,3,18,14,3,11,12,14,2,440]","["""","" "","" "","" "","" "","" "","""","" "","" "","""","" "","" "","" "","" "",""""]","attack 3 times at 0.5 x , 1 x , and 2 x damage"
222,"[439,158,18,33,12,16,7,51,40,4,43,440]","["""","" "","" "","" "","" "","" "","" "","" "","" "","" "",""""]",add 1 / 2 stats to next card on death
223,"[439,95,84,1,116,2,7,376,73,440]","["""","" "","" "","" "","" "","" "","" "","" "",""""]",deals 100 % more damage to younger cards
224,"[439,38,231,284,78,60,7,117,37,27,3,231,138,90,14,16,440]","["""","" "","" "","" "","" "","" "","" "","" "","" "","""","" "","" "","" "","" "","" "",""""]","when piccolo uses its ability to swap with self , piccolo gains 1.5 x stats"
225,"[439,92,11,233,16,7,258,73,440]","["""","" "","" "","" "","" "","" "","" "",""""]",dies and transfer stats to dad cards
226,"[439,27,25,5,285,169,7,51,170,4,43,440]","["""","" "","" "","" "","" "","" "","" "","" "","" "","" "",""""]",self max hp gets added to next ally's on death
227,"[439,132,126,10,6,59,2,61,58,90,14,54,169,7,51,140,10,440]","["""","" "","" "","""","" "","" "","" "","" "","" "","" "","" "","" "","" "","" "","" "","" "",""""]",does not attack ; all damage taken at 1.5 x is added to next card's attack
228,"[439,349,81,68,1,377,3,433,20,34,1,115,434,44,7,41,1,6,25,12,115,40,6,21,34,1,8,420,2,6,113,1,259,440]","["""","" "","" "","" "","" "","""","" "","" "","" "","" "","" "","" "","" "","" "","" "","" "","""","" "","" "","" "","" "","""","" "","" "","" "","" "","" "","" "","""","" "","" "","" "",""""]","grants allies 40 % evasion , decreasing by 10 % per successful dodge to 20 % ; max 2 per card ; gain 10 % of prevented damage ; 200 % cap"
229,"[439,56,17,1,8,13,32,16,11,36,39,1,5,38,179,204,440]","["""","" "","" "","" "","" "","" "","" "","" "","" "","" "","" "","" "","" "","" "","" "",""""]",steal 50 % of the enemy's stats and heal 30 % hp when defeating them
230,"[439,4,43,3,310,201,260,11,350,6,22,405,17,1,8,25,5,11,183,1,8,2,3,406,221,100,45,378,440]","["""","" "","""","" "","" "","" "","" "","" "","""","" "","" "","" "","" "","" "","" "","" "","" "","" "","" "","" "","" "","""","" "","" "","" "","" "","" "",""""]","on death , split into joy and sorrow ; each inherits 50 % of max hp and 60 % of damage , entering battle one after another"
231,"[439,132,126,10,6,59,2,61,58,286,14,54,169,7,42,137,10,440]","["""","" "","" "","""","" "","" "","" "","" "","" "","" "","" "","" "","" "","" "","" "","" "",""""]",does not attack ; all damage taken at 1.25 x is added to ally party attack
232,"[439,95,12,14,2,6,17,1,29,7,159,32,15,440]","["""","" "","" "","" "","""","" "","" "","" "","" "","" "","" "","" "",""""]",deals 2 x damage ; 50 % chance to skip enemy's turn
233,"[439,87,57,42,37,82,1,8,27,16,23,22,110,19,440]","["""","" "","" "","" "","" "","" "","" "","" "","" "","" "","" "","" "","" "",""""]",revive an ally with 75 % of self stats for each fallen enemy
234,"[439,55,47,67,93,3,60,54,436,6,241,3,351,8,379,440]","["""","" "","" "","" "","""","" "","" "","" "","""","" "","""","" "","" "","" "",""""]","if first in deck , ability is safeguarding ; otherwise , mother of dragons"
235,"[439,38,57,19,287,27,3,56,41,1,8,78,16,440]","["""","" "","" "","" "","" "","""","" "","" "","" "","" "","" "","" "",""""]","when an enemy sees self , steal 20 % of its stats"
236,"[439,4,9,3,223,72,1,8,59,80,73,16,3,421,81,6,352,16,311,45,24,28,440]","["""","" "","""","" "","" "","" "","" "","" "","" "","" "",""' "","""","" "","" "","""","" "","" "","" "","" "","" "","" "",""""]","on entry , steals 5 % of all other cards stats , including allies ; stolen stats decay after 3 turns"
237,"[439,64,119,23,12,28,38,76,33,422,2,440]","["""","" "","" "","" "","" "","" "","" "","""","""","" "",""""]",inflict poison for 2 turns when dealing / receiving damage
238,"[439,30,24,14,2,3,70,18,33,24,2,127,104,34,1,16,115,10,440]","["""","" "","" "","" "","""","" "","" "","" "","" "","" "","" "","" "","" "","" "","" "","" "","" "",""""]","deal 3 x damage , take 1 / 3 damage but lose 10 % stats per attack"
239,"[439,49,101,189,192,423,37,112,424,6,38,50,407,19,200,243,3,66,17,1,16,440]","["""","" "","" "","" "","" "","" "","" "","" "","""","" "","" "","" "","" "","" "","" "","""","" "","" "","" "","" "",""""]","enemies you see are inflicted with confusion eternally ; when a confused enemy hits themselves , + 50 % stats"
240,"[439,4,9,3,180,288,13,47,12,49,6,2,79,7,100,54,353,37,13,80,440]","["""","" "","""","" "","" "","" "","" "","" "","" "","""","" "","" "","" "","" "","" "","" "","" "","" "","" "",""""]","on entry , permanently link the first 2 enemies ; damage dealt to one is shared with the other"
241,"[439,19,74,35,1,16,19,15,118,440]","["""","" "","" "","" "","" "","" "","" "","" "",""""]",enemy loses 25 % stats enemy turn start
242,"[439,21,84,1,26,3,91,21,13,380,62,22,15,440]","["""","" "","" "","" "","""","" "","" "","" "","" "","" "","" "","" "",""""]","gain 100 % atk , then gain the initial boost each turn"
243,"[439,21,35,1,26,23,48,40,67,42,137,440]","["""","" "","" "","" "","" "","" "","" "","" "","" "","" "",""""]",gain 25 % atk for every card in ally party
244,"[439,30,72,14,2,130,440]","["""","" "","" "","" "","" "",""""]",deal 5 x damage once
245,"[439,235,43,136,4,2,7,5,135,440]","["""","" "","" "","" "","" "","" "","" "","" "",""""]",inflicts death based on damage to hp ratio
246,"[439,21,35,1,16,23,48,110,42,440]","["""","" "","" "","" "","" "","" "","" "","" "",""""]",gain 25 % stats for every fallen ally
247,"[439,21,13,60,8,50,110,42,440]","["""","" "","" "","" "","" "","" "","" "",""""]",gain the ability of a fallen ally
248,"[439,38,27,166,53,39,1,5,65,205,69,11,13,19,192,111,440]","["""","" "","" "","" "","" "","" "","" "","""","" "","" "","" "","" "","" "","" "","" "",""""]",when self falls below 30 % hp : both it and the enemy are defeated
249,"[439,38,13,19,166,53,39,1,5,65,69,54,425,111,440]","["""","" "","" "","" "","" "","" "","" "","" "","""","" "","" "","" "","" "",""""]",when the enemy falls below 30 % hp : it is instantly defeated
250,"[439,4,43,3,87,42,137,440]","["""","" "","""","" "","" "","" "",""""]","on death , revive ally party"
251,"[439,4,43,3,64,149,440]","["""","" "","""","" "","" "",""""]","on death , inflict frostbite"
252,"[439,4,9,3,178,64,24,46,15,149,33,161,33,96,440]","["""","" "","""","" "","" "","" "","""","""","" "","""","""","""","""",""""]","on entry , randomly inflict 3 - turn frostbite / slow / freeze"
253,"[439,312,86,4,9,440]","["""","" "","" "","" "",""""]",blind target on entry
254,"[439,44,48,80,10,3,11,38,101,249,3,21,18,116,10,440]","["""","" "","" "","" "","""","" "","" "","" "","" "","""","" "","" "","" "","" "",""""]","dodge every other attack , and when you do , gain 1 more attack"
255,"[439,147,94,2,75,7,18,33,12,198,10,440]","["""","" "","" "","" "","" "","" "","" "","" "","" "","" "",""""]",attacker takes damage equal to 1 / 2 your attack
256,"[439,56,41,1,8,19,16,289,313,88,440]","["""","" "","" "","" "","" "","" "","" "","" "","" "",""""]",steal 20 % of enemy stats upon being attacked
257,"[439,161,86,4,9,6,31,64,211,6,31,167,440]","["""","" "","" "","" "","""","" "","" "","" "","""","" "","" "",""""]",slow target on entry ; attacks inflict bleed ; attacks twice
258,"[439,48,80,15,3,96,27,6,27,97,70,2,206,15,440]","["""","" "","" "","""","" "","" "","""","" "","" "","" "","" "","" "","" "",""""]","every other turn , freeze self ; self cannot take damage that turn"
259,"[439,4,43,3,12,14,16,8,51,40,11,96,69,23,12,28,440]","["""","" "","""","" "","" "","" "","" "","" "","" "","" "","" "","" "","" "","" "","" "",""""]","on death , 2 x stats of next card and freeze it for 2 turns"
260,"[439,30,99,14,2,37,57,184,1,29,6,36,13,19,17,1,241,440]","["""","" "","" "","" "","" "","" "","" "","" "","" "","""","" "","" "","" "","" "","" "","" "",""""]",deal 4 x damage with an 80 % chance ; heal the enemy 50 % otherwise
261,"[439,4,9,3,10,381,440]","["""","" "","""","" "","" "",""""]","on entry , attack doubles"
262,"[439,4,9,3,21,24,31,6,76,18,33,24,2,440]","["""","" "","""","" "","" "","" "","""","" "","" "","" "","" "","" "",""""]","on entry , gain 3 attacks ; dealing 1 / 3 damage"
263,"[439,64,112,23,12,28,4,9,440]","["""","" "","" "","" "","" "","" "","" "",""""]",inflict confusion for 2 turns on entry
264,"[439,2,97,217,18,33,12,25,5,440]","["""","" "","" "","" "","" "","" "","" "","" "",""""]",damage cannot exceed 1 / 2 max hp
265,"[439,4,9,3,48,174,42,138,17,1,16,3,127,74,34,1,16,22,15,382,67,199,440]","["""","" "","""","" "","" "","" "","" "","" "","" "","" "","""","" "","" "","" "","" "","" "","" "","" "","" "","" "","" "",""""]","on entry , every living ally gains 50 % stats , but loses 10 % stats each turn they're in play"
266,"[439,36,11,62,26,20,35,1,8,2,79,440]","["""","" "","" "","" "","" "","" "","" "","" "","" "","" "",""""]",heal and boost atk by 25 % of damage dealt
267,"[439,290,147,38,5,134,53,103,440]","["""","" "","" "","" "","" "","" "","" "",""""]",stun attacker when hp drops below half
268,"[439,29,7,56,17,1,26,4,9,440]","["""","" "","" "","" "","" "","" "","" "","" "",""""]",chance to steal 50 % atk on entry
269,"[439,64,112,7,291,73,23,24,28,38,101,426,100,440]","["""","" "","" "","" "","" "","" "","" "","" "","" "","" "","" "","" "",""""]",inflict confusion to bird cards for 3 turns when you encounter one
270,"[439,17,1,29,7,354,38,57,42,92,440]","["""","" "","" "","" "","" "","" "","" "","" "","" "",""""]",50 % chance to return when an ally dies
271,"[439,63,32,25,5,20,2,79,440]","["""","" "","" "","" "","" "","" "","" "",""""]",reduce enemy's max hp by damage dealt
272,"[439,158,50,437,37,27,16,7,42,93,4,52,440]","["""","" "","" "","" "","" "","" "","" "","" "","" "","" "","" "",""""]",add a frankenstein with self stats to ally deck on kill
273,"[439,117,12,109,49,16,33,427,3,408,16,20,77,1,115,117,440]","["""","" "","" "","" "",""' "","""","""","""","" "","" "","" "","" "","" "","" "","" "",""""]","swap 2 random enemies stats / positions , reducing stats by 15 % per swap"
274,"[439,31,64,119,11,409,122,19,94,39,1,116,2,123,440]","["""","" "","" "","" "","" "","" "","""","" "","" "","" "","" "","" "","""",""""]",attacks inflict poison and weakness ( enemy takes 30 % more damage )
275,"[439,31,64,211,6,314,17,1,38,53,18,33,12,5,196,130,440]","["""","" "","" "","""","" "","" "","" "","" "","" "","" "","" "","" "","" "","" "","" "",""""]",attacks inflict bleed ; heals 50 % when below 1 / 2 hp only once
276,"[439,261,86,3,355,156,71,197,440]","["""","" "","""","" "","" "","" "","" "",""""]","hex target , making rng abilities fail"
277,"[439,19,206,315,27,74,35,1,5,22,15,440]","["""","" "","" "","" "","" "","" "","" "","" "","" "","" "",""""]",enemy that kills self loses 25 % hp each turn
278,"[439,176,18,15,38,131,6,108,131,65,21,50,15,8,410,52,440]","["""","" "","" "","" "","" "","""","" "","" "","""","" "","" "","" "","" "","" "","" "",""""]",survive 1 turn when dead ; while dead : gain a turn of lifespan kill
279,"[439,63,19,16,20,83,1,8,316,4,9,440]","["""","" "","" "","" "","" "","" "","" "","" "","" "","" "",""""]",reduce enemy stats by 35 % of yours on entry
280,"[439,22,15,56,35,1,8,13,32,5,142,10,440]","["""","" "","" "","" "","" "","" "","" "","" "","" "","" "","" "",""""]",each turn steal 25 % of the enemy's hp before attack
281,"[439,163,65,58,13,118,8,262,170,15,34,1,29,7,383,86,6,292,124,34,1,22,15,440]","["""","""","" "","" "","" "","" "","" "","" "","" "","" "","" "","" "","" "","" "","" "","""","" "","" "","" "","" "","" "","" "",""""]",field : at the start of any ally's turn 10 % chance to confuse target ; goes up 10 % each turn
282,"[439,21,57,105,15,6,36,34,1,22,15,440]","["""","" "","" "","" "","""","" "","" "","" "","" "","" "",""""]",gain an extra turn ; heal 10 % each turn
283,"[439,45,10,3,218,356,37,50,109,42,440]","["""","" "","""","" "","" "","" "","" "","" "","" "",""""]","after attack , switch places with a random ally"
284,"[439,223,13,60,8,13,47,40,69,31,440]","["""","" "","" "","" "","" "","" "","" "","" "","" "",""""]",steals the ability of the first card it attacks
285,"[439,99,14,16,4,9,3,139,53,18,33,12,5,440]","["""","" "","" "","" "","" "","""","" "","" "","" "","" "","" "","" "",""""]","4 x stats on entry , fades below 1 / 2 hp"
286,"[439,4,9,3,13,19,54,384,6,67,24,28,3,205,143,73,114,440]","["""","" "","""","" "","" "","" "","" "","""","" "","" "","" "","""","" "","" "","" "","" "",""""]","on entry , the enemy is stunned ; in 3 turns , both active cards die"
287,"[439,232,85,31,167,6,10,357,7,216,55,69,157,293,385,440]","["""","" "","" "","" "","""","" "","" "","" "","" "","" "","" "","" "","" "","" "",""""]",survives lethal attacks twice ; attack resets to normal if it has been lowered
288,"[439,10,151,107,58,103,13,2,440]","["""","" "","" "","" "","" "","" "","" "",""""]",attack 8 times at half the damage
289,"[439,22,15,3,386,50,428,40,440]","["""","" "","""","" "","" "","" "","" "",""""]","each turn , becomes a different card"
