token_id,token,kind,source_token_id
0,<PAD>,special,
1,%,lexical,1
2,damage,lexical,2
3,",",lexical,3
4,on,lexical,4
5,hp,lexical,5
6,;,lexical,6
7,to,lexical,7
8,of,lexical,8
9,entry,lexical,9
10,attack,lexical,10
11,and,lexical,11
12,2,lexical,12
13,the,lexical,13
14,x,lexical,14
15,turn,lexical,15
16,stats,lexical,16
17,50,lexical,17
18,1,lexical,18
19,enemy,lexical,19
20,by,lexical,20
21,gain,lexical,21
22,each,lexical,22
23,for,lexical,23
24,3,lexical,24
25,max,lexical,25
26,atk,lexical,26
27,self,lexical,27
28,turns,lexical,28
29,chance,lexical,29
30,deal,lexical,30
31,attacks,lexical,31
32,enemy's,lexical,32
33,/,lexical,33
34,10,lexical,34
35,25,lexical,35
36,heal,lexical,36
37,with,lexical,37
38,when,lexical,38
39,30,lexical,39
40,card,lexical,40
41,20,lexical,41
42,ally,lexical,42
43,death,lexical,43
44,dodge,lexical,44
45,after,lexical,45
46,-,lexical,46
47,first,lexical,47
48,every,lexical,48
49,enemies,lexical,49
50,a,lexical,50
51,next,lexical,51
52,kill,lexical,52
53,below,lexical,53
54,is,lexical,54
55,if,lexical,55
56,steal,lexical,56
57,an,lexical,57
58,at,lexical,58
59,all,lexical,59
60,ability,lexical,60
61,taken,lexical,61
62,boost,lexical,62
63,reduce,lexical,63
64,inflict,lexical,64
65,:,lexical,65
66,+,lexical,66
67,in,lexical,67
68,40,lexical,68
69,it,lexical,69
70,take,lexical,70
71,abilities,lexical,71
72,5,lexical,72
73,cards,lexical,73
74,loses,lexical,74
75,equal,lexical,75
76,dealing,lexical,76
77,15,lexical,77
78,its,lexical,78
79,dealt,lexical,79
80,other,lexical,80
81,allies,lexical,81
82,75,lexical,82
83,35,lexical,83
84,100,lexical,84
85,lethal,lexical,85
86,target,lexical,86
87,revive,lexical,87
88,attacked,lexical,88
89,hit,lexical,89
90,1.5,lexical,90
91,then,lexical,91
92,dies,lexical,92
93,deck,lexical,93
94,takes,lexical,94
95,deals,lexical,95
96,freeze,lexical,96
97,cannot,lexical,97
98,increased,lexical,98
99,4,lexical,99
100,one,lexical,100
101,you,lexical,101
102,from,lexical,102
103,half,lexical,103
104,lose,lexical,104
105,extra,lexical,105
106,their,lexical,106
107,times,lexical,107
108,while,lexical,108
109,random,lexical,109
110,fallen,lexical,110
111,defeated,lexical,111
112,confusion,lexical,112
113,200,lexical,113
114,die,lexical,114
115,per,lexical,115
116,more,lexical,116
117,swap,lexical,117
118,start,lexical,118
119,poison,lexical,119
120,instead,lexical,120
121,target's,lexical,121
122,(,lexical,122
123,),lexical,123
124,up,lexical,124
125,end,lexical,125
126,not,lexical,126
127,but,lexical,127
128,full,lexical,128
129,burn,lexical,129
130,once,lexical,130
131,dead,lexical,131
132,does,lexical,132
133,block,lexical,133
134,drops,lexical,134
135,ratio,lexical,135
136,based,lexical,136
137,party,lexical,137
138,gains,lexical,138
139,fades,lexical,139
140,card's,lexical,140
141,fossil,lexical,141
142,before,lexical,142
143,active,lexical,143
144,defense,lexical,144
145,current,lexical,145
146,increase,lexical,146
147,attacker,lexical,147
148,defenses,lexical,148
149,frostbite,lexical,149
150,counterattacks,lexical,150
151,8,lexical,151
152,70,lexical,152
153,as,lexical,153
154,or,lexical,154
155,0.5,lexical,155
156,rng,lexical,156
157,has,lexical,157
158,add,lexical,158
159,skip,lexical,159
160,lost,lexical,160
161,slow,lexical,161
162,less,lexical,162
163,field,lexical,163
164,would,lexical,164
165,place,lexical,165
166,falls,lexical,166
167,twice,lexical,167
168,count,lexical,168
169,added,lexical,169
170,ally's,lexical,170
171,shield,lexical,171
172,awaken,lexical,172
173,unique,lexical,173
174,living,lexical,174
175,damages,lexical,175
176,survive,lexical,176
177,recharge,lexical,177
178,randomly,lexical,178
179,defeating,lexical,179
180,permanently,lexical,180
181,counterattack,lexical,181
182,6,lexical,182
183,60,lexical,183
184,80,lexical,184
185,65,lexical,185
186,be,lexical,186
187,2.5,lexical,187
188,400,lexical,188
189,see,lexical,189
190,300,lexical,190
191,two,lexical,191
192,are,lexical,192
193,time,lexical,193
194,copy,lexical,194
195,base,lexical,195
196,only,lexical,196
197,fail,lexical,197
198,your,lexical,198
199,play,lexical,199
200,hits,lexical,200
201,into,lexical,201
202,will,lexical,202
203,void,lexical,203
204,them,lexical,204
205,both,lexical,205
206,that,lexical,206
207,halve,lexical,207
208,third,lexical,208
209,fully,lexical,209
210,apply,lexical,210
211,bleed,lexical,211
212,bypass,lexical,212
213,status,lexical,213
214,dodges,lexical,214
215,remove,lexical,215
216,normal,lexical,216
217,exceed,lexical,217
218,switch,lexical,218
219,blocks,lexical,219
220,self's,lexical,220
221,battle,lexical,221
222,enemys,lexical,222
223,steals,lexical,223
224,squared,lexical,224
225,effects,lexical,225
226,nullify,lexical,226
227,damaged,lexical,227
228,fossils,lexical,228
229,ignores,lexical,229
230,against,lexical,230
231,piccolo,lexical,231
232,survives,lexical,232
233,transfer,lexical,233
234,ignoring,lexical,234
235,inflicts,lexical,235
236,restores,lexical,236
237,reduction,lexical,237
238,lifesteal,lexical,238
239,transform,lexical,239
240,increases,lexical,240
241,otherwise,lexical,241
242,friendship,lexical,242
243,themselves,lexical,243
244,immediately,lexical,244
245,9,lexical,245
246,>,lexical,246
247,d,lexical,247
248,45,lexical,249
249,do,lexical,250
250,cut,lexical,251
251,art,lexical,252
252,set,lexical,253
253,150,lexical,254
254,use,lexical,255
255,can,lexical,256
256,800,lexical,257
257,box,lexical,258
258,dad,lexical,259
259,cap,lexical,260
260,joy,lexical,261
261,hex,lexical,262
262,any,lexical,263
263,hand,lexical,264
264,open,lexical,265
265,cost,lexical,266
266,side,lexical,267
267,even,lexical,268
268,else,lexical,269
269,move,lexical,270
270,over,lexical,271
271,blue,lexical,272
272,aura,lexical,273
273,must,lexical,274
274,stat,lexical,275
275,zero,lexical,276
276,make,lexical,277
277,roll,lexical,278
278,back,lexical,279
279,give,lexical,280
280,sets,lexical,281
281,fire,lexical,282
282,drop,lexical,283
283,buff,lexical,284
284,uses,lexical,285
285,gets,lexical,286
286,1.25,lexical,287
287,sees,lexical,288
288,link,lexical,289
289,upon,lexical,290
290,stun,lexical,291
291,bird,lexical,292
292,goes,lexical,293
293,been,lexical,294
294,under,lexical,295
295,rarer,lexical,296
296,total,lexical,297
297,alive,lexical,298
298,cycle,lexical,299
299,fight,lexical,300
300,fails,lexical,301
301,ahead,lexical,302
302,moves,lexical,303
303,rests,lexical,304
304,clear,lexical,305
305,front,lexical,306
306,stack,lexical,307
307,dance,lexical,308
308,black,lexical,309
309,above,lexical,310
310,split,lexical,311
311,decay,lexical,312
312,blind,lexical,313
313,being,lexical,314
314,heals,lexical,315
315,kills,lexical,316
316,yours,lexical,317
317,deduct,lexical,318
318,reveal,lexical,319
319,undead,lexical,320
320,double,lexical,321
321,border,lexical,322
322,boosts,lexical,323
323,domain,lexical,324
324,dragon,lexical,325
325,rarity,lexical,326
326,always,lexical,327
327,become,lexical,328
328,immune,lexical,329
329,change,lexical,330
330,meteor,lexical,331
331,behind,lexical,332
332,higher,lexical,333
333,cancel,lexical,334
334,demons,lexical,335
335,create,lexical,336
336,healed,lexical,337
337,excess,lexical,338
338,negate,lexical,339
339,killed,lexical,340
340,bleeds,lexical,341
341,halved,lexical,342
342,frozen,lexical,343
343,strike,lexical,344
344,follow,lexical,345
345,summon,lexical,346
346,copies,lexical,347
347,allied,lexical,348
348,lineup,lexical,349
349,grants,lexical,350
350,sorrow,lexical,351
351,mother,lexical,352
352,stolen,lexical,353
353,shared,lexical,354
354,return,lexical,355
355,making,lexical,356
356,places,lexical,357
357,resets,lexical,358
358,disable,lexical,359
359,slashes,lexical,360
360,shields,lexical,361
361,weapons,lexical,362
362,gaining,lexical,363
363,carries,lexical,364
364,charges,lexical,365
365,convert,lexical,366
366,changes,lexical,367
367,reaches,lexical,368
368,absorbs,lexical,369
369,consume,lexical,370
370,restore,lexical,371
371,reduced,lexical,372
372,strikes,lexical,373
373,trigger,lexical,374
374,shuffle,lexical,375
375,boosted,lexical,376
376,younger,lexical,377
377,evasion,lexical,378
378,another,lexical,379
379,dragons,lexical,380
380,initial,lexical,381
381,doubles,lexical,382
382,they're,lexical,383
383,confuse,lexical,384
384,stunned,lexical,385
385,lowered,lexical,386
386,becomes,lexical,387
387,damaging,lexical,388
388,bypasses,lexical,389
389,infinite,lexical,390
390,starting,lexical,391
391,fighting,lexical,392
392,combined,lexical,393
393,banishes,lexical,394
394,persists,lexical,395
395,manifest,lexical,396
396,redirect,lexical,397
397,subtract,lexical,398
398,reflects,lexical,399
399,stacking,lexical,400
400,performs,lexical,401
401,striking,lexical,402
402,critical,lexical,403
403,whenever,lexical,404
404,destruct,lexical,405
405,inherits,lexical,406
406,entering,lexical,407
407,confused,lexical,408
408,reducing,lexical,409
409,weakness,lexical,410
410,lifespan,lexical,411
411,nonlethal,lexical,412
412,randomize,lexical,413
413,bypassing,lexical,414
414,attackers,lexical,415
415,attacking,lexical,416
416,waterfowl,lexical,417
417,sacrifice,lexical,418
418,overloads,lexical,419
419,alongside,lexical,420
420,prevented,lexical,421
421,including,lexical,422
422,receiving,lexical,423
423,inflicted,lexical,424
424,eternally,lexical,425
425,instantly,lexical,426
426,encounter,lexical,427
427,positions,lexical,428
428,different,lexical,429
429,borderless,lexical,430
430,invincible,lexical,431
431,critically,lexical,432
432,inflicting,lexical,433
433,decreasing,lexical,434
434,successful,lexical,435
435,additionally,lexical,436
436,safeguarding,lexical,437
437,frankenstein,lexical,438
438,effectiveness,lexical,439
439,<BOS>,special,
440,<CARD>,special,
