weather_id,name,multiplier,multiplier_lexical,source
1,Base,1,1,"{""name"":{""file"":""Cards-2.xml"",""xml_path"":""/project[1]/scenes[1]/scene[1]/variables[1]/variable[3]"",""snap_value_id"":""34125"",""variable"":""Weathers"",""item_1"":1},""multiplier"":{""file"":""Cards-2.xml"",""xml_path"":""/project[1]/scenes[1]/scene[1]/variables[1]/variable[5]"",""snap_value_id"":""34127"",""variable"":""Weather Multiplers"",""item_1"":1}}"
2,Storm,1.5,1.5,"{""name"":{""file"":""Cards-2.xml"",""xml_path"":""/project[1]/scenes[1]/scene[1]/variables[1]/variable[3]"",""snap_value_id"":""34125"",""variable"":""Weathers"",""item_1"":2},""multiplier"":{""file"":""Cards-2.xml"",""xml_path"":""/project[1]/scenes[1]/scene[1]/variables[1]/variable[5]"",""snap_value_id"":""34127"",""variable"":""Weather Multiplers"",""item_1"":2}}"
3,Snow,1.5,1.5,"{""name"":{""file"":""Cards-2.xml"",""xml_path"":""/project[1]/scenes[1]/scene[1]/variables[1]/variable[3]"",""snap_value_id"":""34125"",""variable"":""Weathers"",""item_1"":3},""multiplier"":{""file"":""Cards-2.xml"",""xml_path"":""/project[1]/scenes[1]/scene[1]/variables[1]/variable[5]"",""snap_value_id"":""34127"",""variable"":""Weather Multiplers"",""item_1"":3}}"
4,Shroud,2,2,"{""name"":{""file"":""Cards-2.xml"",""xml_path"":""/project[1]/scenes[1]/scene[1]/variables[1]/variable[3]"",""snap_value_id"":""34125"",""variable"":""Weathers"",""item_1"":4},""multiplier"":{""file"":""Cards-2.xml"",""xml_path"":""/project[1]/scenes[1]/scene[1]/variables[1]/variable[5]"",""snap_value_id"":""34127"",""variable"":""Weather Multiplers"",""item_1"":4}}"
5,Aurora,1.75,1.75,"{""name"":{""file"":""Cards-2.xml"",""xml_path"":""/project[1]/scenes[1]/scene[1]/variables[1]/variable[3]"",""snap_value_id"":""34125"",""variable"":""Weathers"",""item_1"":5},""multiplier"":{""file"":""Cards-2.xml"",""xml_path"":""/project[1]/scenes[1]/scene[1]/variables[1]/variable[5]"",""snap_value_id"":""34127"",""variable"":""Weather Multiplers"",""item_1"":5}}"
6,Rapture,3,3,"{""name"":{""file"":""Cards-2.xml"",""xml_path"":""/project[1]/scenes[1]/scene[1]/variables[1]/variable[3]"",""snap_value_id"":""34125"",""variable"":""Weathers"",""item_1"":6},""multiplier"":{""file"":""Cards-2.xml"",""xml_path"":""/project[1]/scenes[1]/scene[1]/variables[1]/variable[5]"",""snap_value_id"":""34127"",""variable"":""Weather Multiplers"",""item_1"":6}}"
7,Meteor Shower,3.246,3.246,"{""name"":{""file"":""Cards-2.xml"",""xml_path"":""/project[1]/scenes[1]/scene[1]/variables[1]/variable[3]"",""snap_value_id"":""34125"",""variable"":""Weathers"",""item_1"":7},""multiplier"":{""file"":""Cards-2.xml"",""xml_path"":""/project[1]/scenes[1]/scene[1]/variables[1]/variable[5]"",""snap_value_id"":""34127"",""variable"":""Weather Multiplers"",""item_1"":7}}"
8,Time Storm,4,4,"{""name"":{""file"":""Cards-2.xml"",""xml_path"":""/project[1]/scenes[1]/scene[1]/variables[1]/variable[3]"",""snap_value_id"":""34125"",""variable"":""Weathers"",""item_1"":8},""multiplier"":{""file"":""Cards-2.xml"",""xml_path"":""/project[1]/scenes[1]/scene[1]/variables[1]/variable[5]"",""snap_value_id"":""34127"",""variable"":""Weather Multiplers"",""item_1"":8}}"
9,Eclipse,5,5,"{""name"":{""file"":""Cards-2.xml"",""xml_path"":""/project[1]/scenes[1]/scene[1]/variables[1]/variable[3]"",""snap_value_id"":""34125"",""variable"":""Weathers"",""item_1"":9},""multiplier"":{""file"":""Cards-2.xml"",""xml_path"":""/project[1]/scenes[1]/scene[1]/variables[1]/variable[5]"",""snap_value_id"":""34127"",""variable"":""Weather Multiplers"",""item_1"":9}}"
10,Virus,6,6,"{""name"":{""file"":""Cards-2.xml"",""xml_path"":""/project[1]/scenes[1]/scene[1]/variables[1]/variable[3]"",""snap_value_id"":""34125"",""variable"":""Weathers"",""item_1"":10},""multiplier"":{""file"":""Cards-2.xml"",""xml_path"":""/project[1]/scenes[1]/scene[1]/variables[1]/variable[5]"",""snap_value_id"":""34127"",""variable"":""Weather Multiplers"",""item_1"":10}}"
11,Blood Rain,8,8,"{""name"":{""file"":""Cards-2.xml"",""xml_path"":""/project[1]/scenes[1]/scene[1]/variables[1]/variable[3]"",""snap_value_id"":""34125"",""variable"":""Weathers"",""item_1"":11},""multiplier"":{""file"":""Cards-2.xml"",""xml_path"":""/project[1]/scenes[1]/scene[1]/variables[1]/variable[5]"",""snap_value_id"":""34127"",""variable"":""Weather Multiplers"",""item_1"":11}}"
12,Armageddon,9,9,"{""name"":{""file"":""Cards-2.xml"",""xml_path"":""/project[1]/scenes[1]/scene[1]/variables[1]/variable[3]"",""snap_value_id"":""34125"",""variable"":""Weathers"",""item_1"":12},""multiplier"":{""file"":""Cards-2.xml"",""xml_path"":""/project[1]/scenes[1]/scene[1]/variables[1]/variable[5]"",""snap_value_id"":""34127"",""variable"":""Weather Multiplers"",""item_1"":12}}"
13,Manga,10,10,"{""name"":{""file"":""Cards-2.xml"",""xml_path"":""/project[1]/scenes[1]/scene[1]/variables[1]/variable[3]"",""snap_value_id"":""34125"",""variable"":""Weathers"",""item_1"":13},""multiplier"":{""file"":""Cards-2.xml"",""xml_path"":""/project[1]/scenes[1]/scene[1]/variables[1]/variable[5]"",""snap_value_id"":""34127"",""variable"":""Weather Multiplers"",""item_1"":13}}"
